row_number,source_id,source_text,prompt_index,prompt,label,model,batch_index,generated_at
2,1,"Subject: Problems with Billing Differences

We are experiencing billing inconsistencies that are impacting the agency's digital strategy tools and equipment. These issues might have arisen from recent account modifications or payment processing mistakes. So far, we have verified transaction records and contacted customer support for further clarification. We would greatly appreciate it if you could look into this matter and provide a resolution at your earliest convenience. Please inform us if there is any additional information required to help expedite the process.",1,"Compose a message addressing issues related to billing discrepancies affecting organizational tools, highlighting any potential causes and steps taken for resolution.",1,gpt-4o,1,2026-04-01T12:52:23+00:00
2,1,"Subject: Problems with Billing Differences

We are experiencing billing inconsistencies that are impacting the agency's digital strategy tools and equipment. These issues might have arisen from recent account modifications or payment processing mistakes. So far, we have verified transaction records and contacted customer support for further clarification. We would greatly appreciate it if you could look into this matter and provide a resolution at your earliest convenience. Please inform us if there is any additional information required to help expedite the process.",2,"Draft a communication seeking assistance with resolving billing inconsistencies that impact company operations, mentioning any known causes and actions initiated.",1,gpt-4o,1,2026-04-01T12:52:23+00:00
2,1,"Subject: Problems with Billing Differences

We are experiencing billing inconsistencies that are impacting the agency's digital strategy tools and equipment. These issues might have arisen from recent account modifications or payment processing mistakes. So far, we have verified transaction records and contacted customer support for further clarification. We would greatly appreciate it if you could look into this matter and provide a resolution at your earliest convenience. Please inform us if there is any additional information required to help expedite the process.",3,"Write an email requesting a resolution for billing errors that affect business resources, emphasizing the urgency and any preliminary steps taken.",1,gpt-4o,1,2026-04-01T12:52:23+00:00
3,2,"Subject: Suggestion for Cloud Management Dashboard

Hi Aetheros Support Team,

I'm writing to suggest an improvement to the Cloud Management dashboard. It would be incredibly helpful if we could see a real-time graph of our API usage directly on the main dashboard. This would provide us with instant visibility into any spikes or drops in traffic and allow us to correlate that data with other cloud resource metrics.

Thanks,
John Doe",1,"Suggest a feature enhancement for a software dashboard that includes real-time data visualization, explaining its potential benefits for users.",1,gpt-4o,1,2026-04-01T12:52:23+00:00
3,2,"Subject: Suggestion for Cloud Management Dashboard

Hi Aetheros Support Team,

I'm writing to suggest an improvement to the Cloud Management dashboard. It would be incredibly helpful if we could see a real-time graph of our API usage directly on the main dashboard. This would provide us with instant visibility into any spikes or drops in traffic and allow us to correlate that data with other cloud resource metrics.

Thanks,
John Doe",2,"Propose an improvement to a digital platform that enhances user information access through graphical data representation, highlighting its usefulness.",1,gpt-4o,1,2026-04-01T12:52:23+00:00
3,2,"Subject: Suggestion for Cloud Management Dashboard

Hi Aetheros Support Team,

I'm writing to suggest an improvement to the Cloud Management dashboard. It would be incredibly helpful if we could see a real-time graph of our API usage directly on the main dashboard. This would provide us with instant visibility into any spikes or drops in traffic and allow us to correlate that data with other cloud resource metrics.

Thanks,
John Doe",3,Write a suggestion for a tech team to include a live data graph in a management interface to improve operational insights.,1,gpt-4o,1,2026-04-01T12:52:23+00:00
4,3,"Subject: Unverified Access Attempts on Sensitive Medical Data

Our system has faced unauthorized access attempts on sensitive medical data, which might be due to outdated security measures. We have already reviewed access logs and updated passwords, but the issues continue. We kindly request your assistance in investigating and resolving this matter to prevent future breaches and ensure the security of our medical data.",1,"Develop a request for assistance in dealing with unauthorized attempts on sensitive data, outlining the urgency and preliminary measures taken.",1,gpt-4o,1,2026-04-01T12:52:23+00:00
4,3,"Subject: Unverified Access Attempts on Sensitive Medical Data

Our system has faced unauthorized access attempts on sensitive medical data, which might be due to outdated security measures. We have already reviewed access logs and updated passwords, but the issues continue. We kindly request your assistance in investigating and resolving this matter to prevent future breaches and ensure the security of our medical data.",2,"Create a message seeking expert help to address unverified access issues affecting private data, detailing any initial interventions.",1,gpt-4o,1,2026-04-01T12:52:23+00:00
4,3,"Subject: Unverified Access Attempts on Sensitive Medical Data

Our system has faced unauthorized access attempts on sensitive medical data, which might be due to outdated security measures. We have already reviewed access logs and updated passwords, but the issues continue. We kindly request your assistance in investigating and resolving this matter to prevent future breaches and ensure the security of our medical data.",3,"Construct a communication aimed at resolving security breaches on confidential information, stressing the need for professional investigation.",1,gpt-4o,1,2026-04-01T12:52:23+00:00
5,4,"Subject: Re: Question about User Roles in IAM service

Thanks for the quick response! I'll give this a try and let you know if I have any further questions.",1,"Express gratitude for a swift response to a query about user roles, indicating readiness to provide further feedback if needed.",1,gpt-4o,1,2026-04-01T12:52:23+00:00
5,4,"Subject: Re: Question about User Roles in IAM service

Thanks for the quick response! I'll give this a try and let you know if I have any further questions.",2,"Acknowledge the prompt reply to a question concerning system permissions, offering to reach out with additional inquiries.",1,gpt-4o,1,2026-04-01T12:52:23+00:00
5,4,"Subject: Re: Question about User Roles in IAM service

Thanks for the quick response! I'll give this a try and let you know if I have any further questions.",3,"Thank a support team for their timely assistance regarding access permissions, mentioning potential follow-up questions.",1,gpt-4o,1,2026-04-01T12:52:23+00:00
6,5,"Subject: Re: URGENT: Users unable to access critical API endpoints

Hi Support Team,

Here's the information you requested:

* **Affected Users:**
* jane.doe@example.com
* bob.smith@example.com
* **API Endpoints:**
* /api/v1/orders
* /api/v1/customers
* **Issue Start Time:** Approximately 10:00 AM UTC
* **Recent Changes:** We haven't made any recent changes to our API or IAM configuration in the past week.

Let me know if you need any more details.

Thanks,
John",1,"Provide detailed information to a support team about a critical service access issue, including affected users and relevant technical details.",1,gpt-4o,1,2026-04-01T12:52:23+00:00
6,5,"Subject: Re: URGENT: Users unable to access critical API endpoints

Hi Support Team,

Here's the information you requested:

* **Affected Users:**
* jane.doe@example.com
* bob.smith@example.com
* **API Endpoints:**
* /api/v1/orders
* /api/v1/customers
* **Issue Start Time:** Approximately 10:00 AM UTC
* **Recent Changes:** We haven't made any recent changes to our API or IAM configuration in the past week.

Let me know if you need any more details.

Thanks,
John",2,"Draft a message to technical support outlining issues with user access to essential API endpoints, specifying impact and any recent system changes.",1,gpt-4o,1,2026-04-01T12:52:23+00:00
6,5,"Subject: Re: URGENT: Users unable to access critical API endpoints

Hi Support Team,

Here's the information you requested:

* **Affected Users:**
* jane.doe@example.com
* bob.smith@example.com
* **API Endpoints:**
* /api/v1/orders
* /api/v1/customers
* **Issue Start Time:** Approximately 10:00 AM UTC
* **Recent Changes:** We haven't made any recent changes to our API or IAM configuration in the past week.

Let me know if you need any more details.

Thanks,
John",3,"Write an urgent report to a support department detailing user access problems to key services, listing users and system specifics.",1,gpt-4o,1,2026-04-01T12:52:23+00:00
