stage_group,stage,source,principle_group,left_principle,right_principle,value
S1,S1,HW,A-A,Authority,Authority,0.950016697344
S1,S1,HW,A-A,Authority,Authority,1.0
S1,S1,HW,A-A,Authority,Authority,0.9999960000040001
S1,S1,HW,A-A,Authority,Authority,0.091865366649
S1,S1,HW,A-A,Authority,Authority,0.995532999696
S1,S1,HW,A-A,Authority,Authority,1.0
S1,S1,HW,A-A,Authority,Authority,0.141494840964
S1,S1,HW,A-A,Authority,Authority,0.7938613981210001
S1,S1,HW,A-A,Authority,Authority,1.0
S1,S1,HW,A-A,Authority,Authority,0.444997060561
S1,S1,HW,A-A,Authority,Authority,1.0
S1,S1,HW,A-A,Authority,Authority,0.083756990464
S1,S1,HW,A-A,Authority,Authority,1.0
S1,S1,HW,A-A,Authority,Authority,0.7938613981210001
S1,S1,HW,A-A,Authority,Authority,1.0
S1,S1,HW,A-A,Authority,Authority,0.999956000484
S1,S1,HW,A-A,Authority,Authority,1.0
S1,S1,HW,A-A,Authority,Authority,0.9996820252809999
S1,S1,HW,A-A,Authority,Authority,1.0
S1,S1,HW,A-A,Authority,Authority,0.9998200080999999
S1,S1,HW,A-A,Authority,Authority,0.999454074529
S1,S1,HW,A-A,Authority,Authority,0.7938613981210001
S1,S1,HW,A-A,Authority,Authority,0.875828324449
S1,S1,HW,A-A,Authority,Authority,1.0
S1,S1,HW,A-A,Authority,Authority,0.9841711389159999
S1,S1,HW,A-A,Authority,Authority,0.9999400009
S1,S1,HW,A-A,Authority,Authority,0.9765155233439999
S1,S1,HW,A-A,Authority,Authority,1.0
S1,S1,HW,A-A,Authority,Authority,0.999932001156
S1,S1,HW,A-A,Authority,Authority,0.788886805249
S1,S1,HW,A-A,Authority,Authority,0.9984905700250001
S1,S1,HW,A-A,Authority,Authority,0.8973393984
S1,S1,HW,A-A,Authority,Authority,0.9995540497290001
S1,S1,HW,A-A,Authority,Authority,0.5552425613159999
S1,S1,HW,A-A,Authority,Authority,1.0
S1,S1,HW,A-A,Authority,Authority,0.8587840104360001
S1,S1,HW,A-A,Authority,Authority,1.0
S1,S1,HW,A-A,Authority,Authority,0.9999980000009999
S1,S1,HW,A-A,Authority,Authority,0.786470996224
S1,S1,HW,A-A,Authority,Authority,1.0
S1,S1,HW,A-A,Authority,Authority,1.0
S1,S1,HW,A-A,Authority,Authority,0.985941758916
S1,S1,HW,A-A,Authority,Authority,0.999168173056
S1,S1,HW,A-A,Authority,Authority,0.788886805249
S1,S1,HW,A-A,Authority,Authority,1.0
S1,S1,HW,A-A,Authority,Authority,0.785637595044
S1,S1,HW,A-A,Authority,Authority,1.0
S1,S1,HW,A-A,Authority,Authority,1.0
S1,S1,HW,A-A,Authority,Authority,1.0
S1,S1,HW,A-A,Authority,Authority,0.9378992763039999
S1,S1,HW,A-A,Authority,Authority,0.9999380009609999
S1,S1,HW,A-A,Authority,Authority,0.9999980000009999
S1,S1,HW,A-A,Authority,Authority,0.999976000144
S1,S1,HW,A-A,Authority,Authority,0.943142034025
S1,S1,HW,A-A,Authority,Authority,0.998928287296
S1,S1,HW,A-A,Authority,Authority,0.9997020222010001
S1,S1,HW,A-A,Authority,Authority,0.9999980000009999
S1,S1,HW,A-A,Authority,Authority,1.0
S1,S1,HW,A-A,Authority,Authority,0.9950581206760001
S1,S1,HW,A-A,Authority,Authority,1.0
S1,S1,HW,A-A,Authority,Authority,0.7938613981210001
S1,S1,HW,A-A,Authority,Authority,0.987064107121
S1,S1,HW,A-A,Authority,Authority,1.0
S1,S1,HW,A-A,Authority,Authority,0.789135518889
S1,S1,HW,A-A,Authority,Authority,0.9999980000009999
S1,S1,HW,A-A,Authority,Authority,0.7099949825440001
S1,S1,HW,A-A,Authority,Authority,0.25745374520100006
S1,S1,HW,A-A,Authority,Authority,0.784030557025
S1,S1,HW,A-A,Authority,Authority,1.0
S1,S1,HW,A-A,Authority,Authority,0.9999960000040001
S1,S1,HW,A-A,Authority,Authority,0.999746016129
S1,S1,HW,A-A,Authority,Authority,1.0
S1,S1,HW,A-A,Authority,Authority,0.788886805249
S1,S1,HW,A-A,Authority,Authority,1.0
S1,S1,HW,A-A,Authority,Authority,0.9609724052640001
S1,S1,HW,A-A,Authority,Authority,0.9999080021160001
S1,S1,HW,A-A,Authority,Authority,1.0
S1,S1,HW,A-A,Authority,Authority,0.7780615980840001
S1,S1,HW,A-A,Authority,Authority,0.999072215296
S1,S1,HW,A-A,Authority,Authority,0.9999240014440001
S1,S1,HW,A-A,Authority,Authority,0.9999980000009999
S1,S1,HW,A-A,Authority,Authority,0.999624035344
S1,S1,HW,A-A,Authority,Authority,0.7938613981210001
S1,S1,HW,A-A,Authority,Authority,0.9999580004409999
S1,S1,HW,A-A,Authority,Authority,0.9825963876
S1,S1,HW,A-A,Authority,Authority,0.354601194256
S1,S1,HW,A-A,Authority,Authority,0.8278743353760001
S1,S1,HW,A-A,Authority,Authority,0.999992000016
S1,S1,HW,A-A,Authority,Authority,0.9998200080999999
S1,S1,HW,A-A,Authority,Authority,1.0
S1,S1,HW,A-A,Authority,Authority,0.9998500056249999
S1,S1,HW,A-A,Authority,Authority,0.9668257925289999
S1,S1,HW,A-A,Authority,Authority,0.9996200360999999
S1,S1,HW,A-A,Authority,Authority,1.0
S1,S1,HW,A-A,Authority,Authority,0.788886805249
S1,S1,HW,A-A,Authority,Authority,1.0
S1,S1,HW,A-A,Authority,Authority,0.9999420008410002
S1,S1,HW,A-A,Authority,Authority,0.9994560739839999
S1,S1,HW,A-A,Authority,Authority,1.0
S1,S1,HW,A-A,Authority,Authority,0.9999960000040001
S1,S1,HW,A-A,Authority,Authority,0.9602138090250001
S1,S1,HW,A-A,Authority,Authority,0.9999980000009999
S1,S1,HW,A-A,Authority,Authority,0.963324583081
S1,S1,HW,A-A,Authority,Authority,0.509076542016
S1,S1,HW,A-A,Authority,Authority,1.0
S1,S1,HW,A-A,Authority,Authority,0.999430081225
S1,S1,HW,A-A,Authority,Authority,0.6264437563240001
S1,S1,HW,A-A,Authority,Authority,0.9964092292089999
S1,S1,HW,A-A,Authority,Authority,0.999198160801
S1,S1,HW,A-A,Authority,Authority,1.0
S1,S1,HW,A-A,Authority,Authority,0.960756753124
S1,S1,HW,A-A,Authority,Authority,0.9653317951689999
S1,S1,HW,A-A,Authority,Authority,0.7938613981210001
S1,S1,HW,A-A,Authority,Authority,0.9986084844159999
S1,S1,HW,A-A,Authority,Authority,0.999198160801
S1,S1,HW,A-A,Authority,Authority,1.0
S1,S1,HW,A-A,Authority,Authority,1.0
S1,S1,HW,A-A,Authority,Authority,0.881741658121
S1,S1,HW,A-A,Authority,Authority,0.9999280012959999
S1,S1,HW,A-A,Authority,Authority,1.0
S1,S1,HW,A-A,Authority,Authority,0.9996480309760001
S1,S1,HW,A-A,Authority,Authority,0.999886003249
S1,S1,HW,A-A,Authority,Authority,1.0
S1,S1,HW,A-A,Authority,Authority,1.0
S1,S1,HW,A-A,Authority,Authority,0.7938613981210001
S1,S1,HW,A-A,Authority,Authority,0.9205443025000001
S1,S1,HW,A-L,Authority,Liking,0.20658999504
S1,S1,HW,A-L,Authority,Liking,0.999971
S1,S1,HW,A-L,Authority,Liking,0.879940240116
S1,S1,HW,A-L,Authority,Liking,0.099474516414
S1,S1,HW,A-L,Authority,Liking,0.5338426527960001
S1,S1,HW,A-L,Authority,Liking,0.933596
S1,S1,HW,A-L,Authority,Liking,0.338946193692
S1,S1,HW,A-L,Authority,Liking,0.12016055851800002
S1,S1,HW,A-L,Authority,Liking,0.999996
S1,S1,HW,A-L,Authority,Liking,0.083707992204
S1,S1,HW,A-L,Authority,Liking,0.999467
S1,S1,HW,A-L,Authority,Liking,0.060702749183999996
S1,S1,HW,A-L,Authority,Liking,0.853678
S1,S1,HW,A-L,Authority,Liking,0.12016055851800002
S1,S1,HW,A-L,Authority,Liking,0.999973
S1,S1,HW,A-L,Authority,Liking,0.75995828055
S1,S1,HW,A-L,Authority,Liking,0.946668
S1,S1,HW,A-L,Authority,Liking,0.982812707929
S1,S1,HW,A-L,Authority,Liking,0.999097
S1,S1,HW,A-L,Authority,Liking,0.96034056157
S1,S1,HW,A-L,Authority,Liking,0.498826783101
S1,S1,HW,A-L,Authority,Liking,0.12016055851800002
S1,S1,HW,A-L,Authority,Liking,0.188149370565
S1,S1,HW,A-L,Authority,Liking,0.840361
S1,S1,HW,A-L,Authority,Liking,0.087542813176
S1,S1,HW,A-L,Authority,Liking,0.93090407204
S1,S1,HW,A-L,Authority,Liking,0.9839961065039999
S1,S1,HW,A-L,Authority,Liking,0.996869
S1,S1,HW,A-L,Authority,Liking,0.55034128776
S1,S1,HW,A-L,Authority,Liking,0.123473926281
S1,S1,HW,A-L,Authority,Liking,0.68348158151
S1,S1,HW,A-L,Authority,Liking,0.39165102143999997
S1,S1,HW,A-L,Authority,Liking,0.998255339406
S1,S1,HW,A-L,Authority,Liking,0.262017178272
S1,S1,HW,A-L,Authority,Liking,0.999955
S1,S1,HW,A-L,Authority,Liking,0.287694024288
S1,S1,HW,A-L,Authority,Liking,0.999666
S1,S1,HW,A-L,Authority,Liking,0.985104014895
S1,S1,HW,A-L,Authority,Liking,0.886771695424
S1,S1,HW,A-L,Authority,Liking,0.999715
S1,S1,HW,A-L,Authority,Liking,0.999759
S1,S1,HW,A-L,Authority,Liking,0.49187963180399996
S1,S1,HW,A-L,Authority,Liking,0.60191449936
S1,S1,HW,A-L,Authority,Liking,0.123473926281
S1,S1,HW,A-L,Authority,Liking,0.999648
S1,S1,HW,A-L,Authority,Liking,0.123287636028
S1,S1,HW,A-L,Authority,Liking,0.975108
S1,S1,HW,A-L,Authority,Liking,1.0
S1,S1,HW,A-L,Authority,Liking,0.999356
S1,S1,HW,A-L,Authority,Liking,0.577109262868
S1,S1,HW,A-L,Authority,Liking,0.716645783292
S1,S1,HW,A-L,Authority,Liking,0.706521293478
S1,S1,HW,A-L,Authority,Liking,0.867546589316
S1,S1,HW,A-L,Authority,Liking,0.25562159217
S1,S1,HW,A-L,Authority,Liking,0.49973100053600006
S1,S1,HW,A-L,Authority,Liking,0.5381408050709999
S1,S1,HW,A-L,Authority,Liking,0.71727928272
S1,S1,HW,A-L,Authority,Liking,0.705161
S1,S1,HW,A-L,Authority,Liking,0.985906817152
S1,S1,HW,A-L,Authority,Liking,0.647103
S1,S1,HW,A-L,Authority,Liking,0.12016055851800002
S1,S1,HW,A-L,Authority,Liking,0.470264522696
S1,S1,HW,A-L,Authority,Liking,0.999965
S1,S1,HW,A-L,Authority,Liking,0.880170108063
S1,S1,HW,A-L,Authority,Liking,0.718657281342
S1,S1,HW,A-L,Authority,Liking,0.788022538968
S1,S1,HW,A-L,Authority,Liking,0.091232877195
S1,S1,HW,A-L,Authority,Liking,0.11806922606499999
S1,S1,HW,A-L,Authority,Liking,0.93995
S1,S1,HW,A-L,Authority,Liking,0.9639620720720001
S1,S1,HW,A-L,Authority,Liking,0.441574912863
S1,S1,HW,A-L,Authority,Liking,0.997495
S1,S1,HW,A-L,Authority,Liking,0.123473926281
S1,S1,HW,A-L,Authority,Liking,0.715419
S1,S1,HW,A-L,Authority,Liking,0.97929700362
S1,S1,HW,A-L,Authority,Liking,0.785749853844
S1,S1,HW,A-L,Authority,Liking,1.0
S1,S1,HW,A-L,Authority,Liking,0.11802556471200001
S1,S1,HW,A-L,Authority,Liking,0.42370830808
S1,S1,HW,A-L,Authority,Liking,0.633807914384
S1,S1,HW,A-L,Authority,Liking,0.903696096303
S1,S1,HW,A-L,Authority,Liking,0.930892959216
S1,S1,HW,A-L,Authority,Liking,0.12016055851800002
S1,S1,HW,A-L,Authority,Liking,0.514382197747
S1,S1,HW,A-L,Authority,Liking,0.9408623590799999
S1,S1,HW,A-L,Authority,Liking,0.15109036886799998
S1,S1,HW,A-L,Authority,Liking,0.824741632308
S1,S1,HW,A-L,Authority,Liking,0.699668201316
S1,S1,HW,A-L,Authority,Liking,0.96034056157
S1,S1,HW,A-L,Authority,Liking,0.999999
S1,S1,HW,A-L,Authority,Liking,0.8899832462499999
S1,S1,HW,A-L,Authority,Liking,0.9832572676319999
S1,S1,HW,A-L,Authority,Liking,0.89395411644
S1,S1,HW,A-L,Authority,Liking,0.933918
S1,S1,HW,A-L,Authority,Liking,0.123473926281
S1,S1,HW,A-L,Authority,Liking,0.70985
S1,S1,HW,A-L,Authority,Liking,0.6360675535060001
S1,S1,HW,A-L,Authority,Liking,0.996529870128
S1,S1,HW,A-L,Authority,Liking,0.999617
S1,S1,HW,A-L,Authority,Liking,0.8392073215820001
S1,S1,HW,A-L,Authority,Liking,0.97887022032
S1,S1,HW,A-L,Authority,Liking,0.708160291839
S1,S1,HW,A-L,Authority,Liking,0.9802611917770001
S1,S1,HW,A-L,Authority,Liking,0.07781030628
S1,S1,HW,A-L,Authority,Liking,0.999978
S1,S1,HW,A-L,Authority,Liking,0.958635710935
S1,S1,HW,A-L,Authority,Liking,0.481255089726
S1,S1,HW,A-L,Authority,Liking,0.431000098528
S1,S1,HW,A-L,Authority,Liking,0.5492496625300001
S1,S1,HW,A-L,Authority,Liking,0.999427
S1,S1,HW,A-L,Authority,Liking,0.979131244896
S1,S1,HW,A-L,Authority,Liking,0.42645878513700003
S1,S1,HW,A-L,Authority,Liking,0.12016055851800002
S1,S1,HW,A-L,Authority,Liking,0.820310666128
S1,S1,HW,A-L,Authority,Liking,0.660431060904
S1,S1,HW,A-L,Authority,Liking,0.935215
S1,S1,HW,A-L,Authority,Liking,0.949812
S1,S1,HW,A-L,Authority,Liking,0.181421620255
S1,S1,HW,A-L,Authority,Liking,0.916275012912
S1,S1,HW,A-L,Authority,Liking,0.999994
S1,S1,HW,A-L,Authority,Liking,0.9951338256160001
S1,S1,HW,A-L,Authority,Liking,0.602457657956
S1,S1,HW,A-L,Authority,Liking,0.999998
S1,S1,HW,A-L,Authority,Liking,1.0
S1,S1,HW,A-L,Authority,Liking,0.12016055851800002
S1,S1,HW,A-L,Authority,Liking,0.08308741055
S1,S1,HW,A-R,Authority,Reciprocity,0.270133804512
S1,S1,HW,A-R,Authority,Reciprocity,0.628665
S1,S1,HW,A-R,Authority,Reciprocity,0.50099399801
S1,S1,HW,A-R,Authority,Reciprocity,0.016851061521
S1,S1,HW,A-R,Authority,Reciprocity,0.549088486716
S1,S1,HW,A-R,Authority,Reciprocity,0.998969
S1,S1,HW,A-R,Authority,Reciprocity,0.039940080281999996
S1,S1,HW,A-R,Authority,Reciprocity,0.051359278927
S1,S1,HW,A-R,Authority,Reciprocity,0.973729
S1,S1,HW,A-R,Authority,Reciprocity,0.078900339437
S1,S1,HW,A-R,Authority,Reciprocity,0.81088
S1,S1,HW,A-R,Authority,Reciprocity,0.036411578112
S1,S1,HW,A-R,Authority,Reciprocity,0.448406
S1,S1,HW,A-R,Authority,Reciprocity,0.051359278927
S1,S1,HW,A-R,Authority,Reciprocity,0.997757
S1,S1,HW,A-R,Authority,Reciprocity,0.798505432494
S1,S1,HW,A-R,Authority,Reciprocity,0.837686
S1,S1,HW,A-R,Authority,Reciprocity,0.496620024859
S1,S1,HW,A-R,Authority,Reciprocity,0.939473
S1,S1,HW,A-R,Authority,Reciprocity,0.5706506368200001
S1,S1,HW,A-R,Authority,Reciprocity,0.38530778225100004
S1,S1,HW,A-R,Authority,Reciprocity,0.051359278927
S1,S1,HW,A-R,Authority,Reciprocity,0.35773227410700004
S1,S1,HW,A-R,Authority,Reciprocity,0.526883
S1,S1,HW,A-R,Authority,Reciprocity,0.367760370124
S1,S1,HW,A-R,Authority,Reciprocity,0.46266111975
S1,S1,HW,A-R,Authority,Reciprocity,0.40688739718799993
S1,S1,HW,A-R,Authority,Reciprocity,0.945025
S1,S1,HW,A-R,Authority,Reciprocity,0.623101813818
S1,S1,HW,A-R,Authority,Reciprocity,0.051302915873
S1,S1,HW,A-R,Authority,Reciprocity,0.35048318526
S1,S1,HW,A-R,Authority,Reciprocity,0.21732118848
S1,S1,HW,A-R,Authority,Reciprocity,0.24857055640200001
S1,S1,HW,A-R,Authority,Reciprocity,0.105371841006
S1,S1,HW,A-R,Authority,Reciprocity,0.996896
S1,S1,HW,A-R,Authority,Reciprocity,0.085793514774
S1,S1,HW,A-R,Authority,Reciprocity,0.769306
S1,S1,HW,A-R,Authority,Reciprocity,0.831974168025
S1,S1,HW,A-R,Authority,Reciprocity,0.22462124311999998
S1,S1,HW,A-R,Authority,Reciprocity,0.549508
S1,S1,HW,A-R,Authority,Reciprocity,0.830269
S1,S1,HW,A-R,Authority,Reciprocity,0.169844406246
S1,S1,HW,A-R,Authority,Reciprocity,0.523334202368
S1,S1,HW,A-R,Authority,Reciprocity,0.051302915873
S1,S1,HW,A-R,Authority,Reciprocity,0.774988
S1,S1,HW,A-R,Authority,Reciprocity,0.052080858396
S1,S1,HW,A-R,Authority,Reciprocity,0.773123
S1,S1,HW,A-R,Authority,Reciprocity,0.991901
S1,S1,HW,A-R,Authority,Reciprocity,0.663323
S1,S1,HW,A-R,Authority,Reciprocity,0.210365206536
S1,S1,HW,A-R,Authority,Reciprocity,0.539601271842
S1,S1,HW,A-R,Authority,Reciprocity,0.375027624972
S1,S1,HW,A-R,Authority,Reciprocity,0.32547609424
S1,S1,HW,A-R,Authority,Reciprocity,0.14759807921
S1,S1,HW,A-R,Authority,Reciprocity,0.42574567793600004
S1,S1,HW,A-R,Authority,Reciprocity,0.497234900959
S1,S1,HW,A-R,Authority,Reciprocity,0.37588362411599996
S1,S1,HW,A-R,Authority,Reciprocity,0.422166
S1,S1,HW,A-R,Authority,Reciprocity,0.6217828939500001
S1,S1,HW,A-R,Authority,Reciprocity,0.287703
S1,S1,HW,A-R,Authority,Reciprocity,0.051359278927
S1,S1,HW,A-R,Authority,Reciprocity,0.17984436770900003
S1,S1,HW,A-R,Authority,Reciprocity,0.783677
S1,S1,HW,A-R,Authority,Reciprocity,0.147344241378
S1,S1,HW,A-R,Authority,Reciprocity,0.380773619226
S1,S1,HW,A-R,Authority,Reciprocity,0.258194011652
S1,S1,HW,A-R,Authority,Reciprocity,0.029120643408000003
S1,S1,HW,A-R,Authority,Reciprocity,0.05437047882
S1,S1,HW,A-R,Authority,Reciprocity,0.9873
S1,S1,HW,A-R,Authority,Reciprocity,0.7902614194740001
S1,S1,HW,A-R,Authority,Reciprocity,0.461978321301
S1,S1,HW,A-R,Authority,Reciprocity,0.458712
S1,S1,HW,A-R,Authority,Reciprocity,0.051302915873
S1,S1,HW,A-R,Authority,Reciprocity,0.537417
S1,S1,HW,A-R,Authority,Reciprocity,0.244446593412
S1,S1,HW,A-R,Authority,Reciprocity,0.396258771258
S1,S1,HW,A-R,Authority,Reciprocity,0.992463
S1,S1,HW,A-R,Authority,Reciprocity,0.054457731564
S1,S1,HW,A-R,Authority,Reciprocity,0.506058080048
S1,S1,HW,A-R,Authority,Reciprocity,0.588477637
S1,S1,HW,A-R,Authority,Reciprocity,0.97588902411
S1,S1,HW,A-R,Authority,Reciprocity,0.34125583184
S1,S1,HW,A-R,Authority,Reciprocity,0.051359278927
S1,S1,HW,A-R,Authority,Reciprocity,0.11014468691299999
S1,S1,HW,A-R,Authority,Reciprocity,0.22701836520000002
S1,S1,HW,A-R,Authority,Reciprocity,0.014879358708
S1,S1,HW,A-R,Authority,Reciprocity,0.11561794331999999
S1,S1,HW,A-R,Authority,Reciprocity,0.3608985564
S1,S1,HW,A-R,Authority,Reciprocity,0.5706506368200001
S1,S1,HW,A-R,Authority,Reciprocity,0.764428
S1,S1,HW,A-R,Authority,Reciprocity,0.47163062505
S1,S1,HW,A-R,Authority,Reciprocity,0.29110583783399996
S1,S1,HW,A-R,Authority,Reciprocity,0.40046689683
S1,S1,HW,A-R,Authority,Reciprocity,0.631201
S1,S1,HW,A-R,Authority,Reciprocity,0.051302915873
S1,S1,HW,A-R,Authority,Reciprocity,0.365868
S1,S1,HW,A-R,Authority,Reciprocity,0.529910632146
S1,S1,HW,A-R,Authority,Reciprocity,0.32240728135999996
S1,S1,HW,A-R,Authority,Reciprocity,0.981893
S1,S1,HW,A-R,Authority,Reciprocity,0.6817166365640001
S1,S1,HW,A-R,Authority,Reciprocity,0.2438199621
S1,S1,HW,A-R,Authority,Reciprocity,0.366437633562
S1,S1,HW,A-R,Authority,Reciprocity,0.245548436889
S1,S1,HW,A-R,Authority,Reciprocity,0.029863375080000004
S1,S1,HW,A-R,Authority,Reciprocity,0.979694
S1,S1,HW,A-R,Authority,Reciprocity,0.597274728175
S1,S1,HW,A-R,Authority,Reciprocity,0.042495460062
S1,S1,HW,A-R,Authority,Reciprocity,0.269138487469
S1,S1,HW,A-R,Authority,Reciprocity,0.39558430705700004
S1,S1,HW,A-R,Authority,Reciprocity,0.773342
S1,S1,HW,A-R,Authority,Reciprocity,0.24275187412
S1,S1,HW,A-R,Authority,Reciprocity,0.24873790364499995
S1,S1,HW,A-R,Authority,Reciprocity,0.051359278927
S1,S1,HW,A-R,Authority,Reciprocity,0.25030566592
S1,S1,HW,A-R,Authority,Reciprocity,0.541387816395
S1,S1,HW,A-R,Authority,Reciprocity,0.813309
S1,S1,HW,A-R,Authority,Reciprocity,0.971113
S1,S1,HW,A-R,Authority,Reciprocity,0.189822951672
S1,S1,HW,A-R,Authority,Reciprocity,0.82007547622
S1,S1,HW,A-R,Authority,Reciprocity,1.0
S1,S1,HW,A-R,Authority,Reciprocity,0.819651715904
S1,S1,HW,A-R,Authority,Reciprocity,0.49406883647100003
S1,S1,HW,A-R,Authority,Reciprocity,0.861935
S1,S1,HW,A-R,Authority,Reciprocity,0.631329
S1,S1,HW,A-R,Authority,Reciprocity,0.051359278927
S1,S1,HW,A-R,Authority,Reciprocity,0.0900885172
S1,S1,HW,A-SP,Authority,Social Proof,0.198210602304
S1,S1,HW,A-SP,Authority,Social Proof,0.546595
S1,S1,HW,A-SP,Authority,Social Proof,0.373397253204
S1,S1,HW,A-SP,Authority,Social Proof,0.023137210341
S1,S1,HW,A-SP,Authority,Social Proof,0.331898212488
S1,S1,HW,A-SP,Authority,Social Proof,0.772723
S1,S1,HW,A-SP,Authority,Social Proof,0.023166066588000002
S1,S1,HW,A-SP,Authority,Social Proof,0.051222066621
S1,S1,HW,A-SP,Authority,Social Proof,0.986583
S1,S1,HW,A-SP,Authority,Social Proof,0.032549550314
S1,S1,HW,A-SP,Authority,Social Proof,0.620774
S1,S1,HW,A-SP,Authority,Social Proof,0.029254518272
S1,S1,HW,A-SP,Authority,Social Proof,0.701207
S1,S1,HW,A-SP,Authority,Social Proof,0.051222066621
S1,S1,HW,A-SP,Authority,Social Proof,0.948138
S1,S1,HW,A-SP,Authority,Social Proof,0.509779784598
S1,S1,HW,A-SP,Authority,Social Proof,0.902805
S1,S1,HW,A-SP,Authority,Social Proof,0.300809163737
S1,S1,HW,A-SP,Authority,Social Proof,0.618484
S1,S1,HW,A-SP,Authority,Social Proof,0.70774029764
S1,S1,HW,A-SP,Authority,Social Proof,0.32869024306000005
S1,S1,HW,A-SP,Authority,Social Proof,0.051222066621
S1,S1,HW,A-SP,Authority,Social Proof,0.151502146302
S1,S1,HW,A-SP,Authority,Social Proof,0.60408
S1,S1,HW,A-SP,Authority,Social Proof,0.156267354026
S1,S1,HW,A-SP,Authority,Social Proof,0.34541263731
S1,S1,HW,A-SP,Authority,Social Proof,0.339178731804
S1,S1,HW,A-SP,Authority,Social Proof,0.985064
S1,S1,HW,A-SP,Authority,Social Proof,0.401159360118
S1,S1,HW,A-SP,Authority,Social Proof,0.053219636367
S1,S1,HW,A-SP,Authority,Social Proof,0.25214948330000003
S1,S1,HW,A-SP,Authority,Social Proof,0.23755414200000002
S1,S1,HW,A-SP,Authority,Social Proof,0.26099278562699996
S1,S1,HW,A-SP,Authority,Social Proof,0.13650329574
S1,S1,HW,A-SP,Authority,Social Proof,0.971327
S1,S1,HW,A-SP,Authority,Social Proof,0.065228981928
S1,S1,HW,A-SP,Authority,Social Proof,0.6523
S1,S1,HW,A-SP,Authority,Social Proof,0.472565527434
S1,S1,HW,A-SP,Authority,Social Proof,0.12384697563199999
S1,S1,HW,A-SP,Authority,Social Proof,0.742973
S1,S1,HW,A-SP,Authority,Social Proof,0.936585
S1,S1,HW,A-SP,Authority,Social Proof,0.147893349024
S1,S1,HW,A-SP,Authority,Social Proof,0.454696767424
S1,S1,HW,A-SP,Authority,Social Proof,0.053219636367
S1,S1,HW,A-SP,Authority,Social Proof,0.843987
S1,S1,HW,A-SP,Authority,Social Proof,0.05288478873
S1,S1,HW,A-SP,Authority,Social Proof,0.621491
S1,S1,HW,A-SP,Authority,Social Proof,0.99584
S1,S1,HW,A-SP,Authority,Social Proof,0.6112
S1,S1,HW,A-SP,Authority,Social Proof,0.209352205744
S1,S1,HW,A-SP,Authority,Social Proof,0.546787049076
S1,S1,HW,A-SP,Authority,Social Proof,0.335962664037
S1,S1,HW,A-SP,Authority,Social Proof,0.375057499256
S1,S1,HW,A-SP,Authority,Social Proof,0.260616242335
S1,S1,HW,A-SP,Authority,Social Proof,0.450119606504
S1,S1,HW,A-SP,Authority,Social Proof,0.413057445269
S1,S1,HW,A-SP,Authority,Social Proof,0.324267675732
S1,S1,HW,A-SP,Authority,Social Proof,0.419323
S1,S1,HW,A-SP,Authority,Social Proof,0.24477193235400002
S1,S1,HW,A-SP,Authority,Social Proof,0.50626
S1,S1,HW,A-SP,Authority,Social Proof,0.051222066621
S1,S1,HW,A-SP,Authority,Social Proof,0.140123797929
S1,S1,HW,A-SP,Authority,Social Proof,0.697331
S1,S1,HW,A-SP,Authority,Social Proof,0.0800388033
S1,S1,HW,A-SP,Authority,Social Proof,0.333981666018
S1,S1,HW,A-SP,Authority,Social Proof,0.194940814036
S1,S1,HW,A-SP,Authority,Social Proof,0.041151581097
S1,S1,HW,A-SP,Authority,Social Proof,0.051860213895
S1,S1,HW,A-SP,Authority,Social Proof,0.664461
S1,S1,HW,A-SP,Authority,Social Proof,0.424105151788
S1,S1,HW,A-SP,Authority,Social Proof,0.523699481718
S1,S1,HW,A-SP,Authority,Social Proof,0.758113
S1,S1,HW,A-SP,Authority,Social Proof,0.053219636367
S1,S1,HW,A-SP,Authority,Social Proof,0.786972
S1,S1,HW,A-SP,Authority,Social Proof,0.22030004086800004
S1,S1,HW,A-SP,Authority,Social Proof,0.49178237697
S1,S1,HW,A-SP,Authority,Social Proof,0.999352
S1,S1,HW,A-SP,Authority,Social Proof,0.048629842218
S1,S1,HW,A-SP,Authority,Social Proof,0.414748467376
S1,S1,HW,A-SP,Authority,Social Proof,0.351093657934
S1,S1,HW,A-SP,Authority,Social Proof,0.564395435604
S1,S1,HW,A-SP,Authority,Social Proof,0.20869075876
S1,S1,HW,A-SP,Authority,Social Proof,0.051222066621
S1,S1,HW,A-SP,Authority,Social Proof,0.355827527465
S1,S1,HW,A-SP,Authority,Social Proof,0.16636514832000002
S1,S1,HW,A-SP,Authority,Social Proof,0.036323333032
S1,S1,HW,A-SP,Authority,Social Proof,0.07570805233200001
S1,S1,HW,A-SP,Authority,Social Proof,0.275716897128
S1,S1,HW,A-SP,Authority,Social Proof,0.70774029764
S1,S1,HW,A-SP,Authority,Social Proof,0.50105
S1,S1,HW,A-SP,Authority,Social Proof,0.46453515724999994
S1,S1,HW,A-SP,Authority,Social Proof,0.181450249601
S1,S1,HW,A-SP,Authority,Social Proof,0.29818933326
S1,S1,HW,A-SP,Authority,Social Proof,0.673997
S1,S1,HW,A-SP,Authority,Social Proof,0.053219636367
S1,S1,HW,A-SP,Authority,Social Proof,0.312038
S1,S1,HW,A-SP,Authority,Social Proof,0.45428982521300004
S1,S1,HW,A-SP,Authority,Social Proof,0.27821930376
S1,S1,HW,A-SP,Authority,Social Proof,0.606402
S1,S1,HW,A-SP,Authority,Social Proof,0.42453915092
S1,S1,HW,A-SP,Authority,Social Proof,0.21827775837000002
S1,S1,HW,A-SP,Authority,Social Proof,0.343390656609
S1,S1,HW,A-SP,Authority,Social Proof,0.223302943374
S1,S1,HW,A-SP,Authority,Social Proof,0.049642911192000004
S1,S1,HW,A-SP,Authority,Social Proof,0.994587
S1,S1,HW,A-SP,Authority,Social Proof,0.38360164236500005
S1,S1,HW,A-SP,Authority,Social Proof,0.042314210684
S1,S1,HW,A-SP,Authority,Social Proof,0.267462504632
S1,S1,HW,A-SP,Authority,Social Proof,0.296213170868
S1,S1,HW,A-SP,Authority,Social Proof,0.586978
S1,S1,HW,A-SP,Authority,Social Proof,0.21822674029800002
S1,S1,HW,A-SP,Authority,Social Proof,0.335175467333
S1,S1,HW,A-SP,Authority,Social Proof,0.051222066621
S1,S1,HW,A-SP,Authority,Social Proof,0.21462551659999998
S1,S1,HW,A-SP,Authority,Social Proof,0.22058850852300002
S1,S1,HW,A-SP,Authority,Social Proof,0.622082
S1,S1,HW,A-SP,Authority,Social Proof,0.850898
S1,S1,HW,A-SP,Authority,Social Proof,0.159624357912
S1,S1,HW,A-SP,Authority,Social Proof,0.386390089456
S1,S1,HW,A-SP,Authority,Social Proof,0.998568
S1,S1,HW,A-SP,Authority,Social Proof,0.42546610478400004
S1,S1,HW,A-SP,Authority,Social Proof,0.531287714874
S1,S1,HW,A-SP,Authority,Social Proof,0.981419
S1,S1,HW,A-SP,Authority,Social Proof,0.613373
S1,S1,HW,A-SP,Authority,Social Proof,0.051222066621
S1,S1,HW,A-SP,Authority,Social Proof,0.1464255023
S1,S1,HW,L-L,Liking,Liking,0.044924922025
S1,S1,HW,L-L,Liking,Liking,0.9999420008410002
S1,S1,HW,L-L,Liking,Liking,0.774297923364
S1,S1,HW,L-L,Liking,Liking,0.107713927204
S1,S1,HW,L-L,Liking,Liking,0.2862667315210001
S1,S1,HW,L-L,Liking,Liking,0.871601491216
S1,S1,HW,L-L,Liking,Liking,0.8119343534760001
S1,S1,HW,L-L,Liking,Liking,0.018187759044000003
S1,S1,HW,L-L,Liking,Liking,0.999992000016
S1,S1,HW,L-L,Liking,Liking,0.015746234256000004
S1,S1,HW,L-L,Liking,Liking,0.998934284089
S1,S1,HW,L-L,Liking,Liking,0.043994223503999993
S1,S1,HW,L-L,Liking,Liking,0.7287661276840001
S1,S1,HW,L-L,Liking,Liking,0.018187759044000003
S1,S1,HW,L-L,Liking,Liking,0.999946000729
S1,S1,HW,L-L,Liking,Liking,0.577562000625
S1,S1,HW,L-L,Liking,Liking,0.8961803022239999
S1,S1,HW,L-L,Liking,Liking,0.966228054961
S1,S1,HW,L-L,Liking,Liking,0.998194815409
S1,S1,HW,L-L,Liking,Liking,0.9224200223290001
S1,S1,HW,L-L,Liking,Liking,0.24896407536899998
S1,S1,HW,L-L,Liking,Liking,0.018187759044000003
S1,S1,HW,L-L,Liking,Liking,0.040419092025
S1,S1,HW,L-L,Liking,Liking,0.7062066103210001
S1,S1,HW,L-L,Liking,Liking,0.007787003536
S1,S1,HW,L-L,Liking,Liking,0.866634388624
S1,S1,HW,L-L,Liking,Liking,0.991533994564
S1,S1,HW,L-L,Liking,Liking,0.993747803161
S1,S1,HW,L-L,Liking,Liking,0.30289612959999995
S1,S1,HW,L-L,Liking,Liking,0.019325726289
S1,S1,HW,L-L,Liking,Liking,0.467853264004
S1,S1,HW,L-L,Liking,Liking,0.17093924870399999
S1,S1,HW,L-L,Liking,Liking,0.9969583164839999
S1,S1,HW,L-L,Liking,Liking,0.123645063424
S1,S1,HW,L-L,Liking,Liking,0.999910002025
S1,S1,HW,L-L,Liking,Liking,0.096377960704
S1,S1,HW,L-L,Liking,Liking,0.9993321115560001
S1,S1,HW,L-L,Liking,Liking,0.970431861025
S1,S1,HW,L-L,Liking,Liking,0.999864004624
S1,S1,HW,L-L,Liking,Liking,0.999430081225
S1,S1,HW,L-L,Liking,Liking,0.9995180580809999
S1,S1,HW,L-L,Liking,Liking,0.24539539987599998
S1,S1,HW,L-L,Liking,Liking,0.36260268722499994
S1,S1,HW,L-L,Liking,Liking,0.019325726289
S1,S1,HW,L-L,Liking,Liking,0.9992961239039999
S1,S1,HW,L-L,Liking,Liking,0.019347140835999997
S1,S1,HW,L-L,Liking,Liking,0.950835611664
S1,S1,HW,L-L,Liking,Liking,1.0
S1,S1,HW,L-L,Liking,Liking,0.998712414736
S1,S1,HW,L-L,Liking,Liking,0.355107536281
S1,S1,HW,L-L,Liking,Liking,0.513613022224
S1,S1,HW,L-L,Liking,Liking,0.499173336484
S1,S1,HW,L-L,Liking,Liking,0.752655148249
S1,S1,HW,L-L,Liking,Liking,0.069281609796
S1,S1,HW,L-L,Liking,Liking,0.24999900000100003
S1,S1,HW,L-L,Liking,Liking,0.28968184484099996
S1,S1,HW,L-L,Liking,Liking,0.5144905984
S1,S1,HW,L-L,Liking,Liking,0.49725203592100004
S1,S1,HW,L-L,Liking,Liking,0.976839675904
S1,S1,HW,L-L,Liking,Liking,0.418742292609
S1,S1,HW,L-L,Liking,Liking,0.018187759044000003
S1,S1,HW,L-L,Liking,Liking,0.22404696889599998
S1,S1,HW,L-L,Liking,Liking,0.999930001225
S1,S1,HW,L-L,Liking,Liking,0.981706437721
S1,S1,HW,L-L,Liking,Liking,0.516469320964
S1,S1,HW,L-L,Liking,Liking,0.874625225796
S1,S1,HW,L-L,Liking,Liking,0.032329838024999995
S1,S1,HW,L-L,Liking,Liking,0.017780355648999997
S1,S1,HW,L-L,Liking,Liking,0.8835060024999999
S1,S1,HW,L-L,Liking,Liking,0.9292265932960001
S1,S1,HW,L-L,Liking,Liking,0.19503794016099998
S1,S1,HW,L-L,Liking,Liking,0.994996275025
S1,S1,HW,L-L,Liking,Liking,0.019325726289
S1,S1,HW,L-L,Liking,Liking,0.5118243455610001
S1,S1,HW,L-L,Liking,Liking,0.997971030225
S1,S1,HW,L-L,Liking,Liking,0.617459637796
S1,S1,HW,L-L,Liking,Liking,1.0
S1,S1,HW,L-L,Liking,Liking,0.017903510416000003
S1,S1,HW,L-L,Liking,Liking,0.17969544902499998
S1,S1,HW,L-L,Liking,Liking,0.40174300422399994
S1,S1,HW,L-L,Liking,Liking,0.8166682678089999
S1,S1,HW,L-L,Liking,Liking,0.866887620624
S1,S1,HW,L-L,Liking,Liking,0.018187759044000003
S1,S1,HW,L-L,Liking,Liking,0.264600158449
S1,S1,HW,L-L,Liking,Liking,0.9009009089639999
S1,S1,HW,L-L,Liking,Liking,0.06437739052899999
S1,S1,HW,L-L,Liking,Liking,0.821620783489
S1,S1,HW,L-L,Liking,Liking,0.48953950824100007
S1,S1,HW,L-L,Liking,Liking,0.9224200223290001
S1,S1,HW,L-L,Liking,Liking,0.9999980000009999
S1,S1,HW,L-L,Liking,Liking,0.7921890025
S1,S1,HW,L-L,Liking,Liking,0.999968000256
S1,S1,HW,L-L,Liking,Liking,0.7994577273760001
S1,S1,HW,L-L,Liking,Liking,0.8722028307240001
S1,S1,HW,L-L,Liking,Liking,0.019325726289
S1,S1,HW,L-L,Liking,Liking,0.5038870225
S1,S1,HW,L-L,Liking,Liking,0.40460539939600004
S1,S1,HW,L-L,Liking,Liking,0.9936122336010001
S1,S1,HW,L-L,Liking,Liking,0.9992341466889999
S1,S1,HW,L-L,Liking,Liking,0.7042717456809999
S1,S1,HW,L-L,Liking,Liking,0.9978891151360001
S1,S1,HW,L-L,Liking,Liking,0.5014920019210001
S1,S1,HW,L-L,Liking,Liking,0.9974955700090001
S1,S1,HW,L-L,Liking,Liking,0.011892993025
S1,S1,HW,L-L,Liking,Liking,0.999956000484
S1,S1,HW,L-L,Liking,Liking,0.9195064702810001
S1,S1,HW,L-L,Liking,Liking,0.369716289849
S1,S1,HW,L-L,Liking,Liking,0.18643051417599998
S1,S1,HW,L-L,Liking,Liking,0.30191728090000003
S1,S1,HW,L-L,Liking,Liking,0.9988543283289999
S1,S1,HW,L-L,Liking,Liking,0.997857149184
S1,S1,HW,L-L,Liking,Liking,0.18839853440100002
S1,S1,HW,L-L,Liking,Liking,0.018187759044000003
S1,S1,HW,L-L,Liking,Liking,0.673847257924
S1,S1,HW,L-L,Liking,Liking,0.43651920441599995
S1,S1,HW,L-L,Liking,Liking,0.874627096225
S1,S1,HW,L-L,Liking,Liking,0.902142835344
S1,S1,HW,L-L,Liking,Liking,0.037328172024999995
S1,S1,HW,L-L,Liking,Liking,0.839620350864
S1,S1,HW,L-L,Liking,Liking,0.9999880000360001
S1,S1,HW,L-L,Liking,Liking,0.990640005481
S1,S1,HW,L-L,Liking,Liking,0.362996610064
S1,S1,HW,L-L,Liking,Liking,0.9999960000040001
S1,S1,HW,L-L,Liking,Liking,1.0
S1,S1,HW,L-L,Liking,Liking,0.018187759044000003
S1,S1,HW,L-L,Liking,Liking,0.007499386800999999
S1,S1,HW,L-R,Liking,Reciprocity,0.058743116294999995
S1,S1,HW,L-R,Liking,Reciprocity,0.628646768715
S1,S1,HW,L-R,Liking,Reciprocity,0.44084654229
S1,S1,HW,L-R,Liking,Reciprocity,0.018246824206
S1,S1,HW,L-R,Liking,Reciprocity,0.294442127441
S1,S1,HW,L-R,Liking,Reciprocity,0.9326334625239999
S1,S1,HW,L-R,Liking,Reciprocity,0.095675136246
S1,S1,HW,L-R,Liking,Reciprocity,0.007773850266
S1,S1,HW,L-R,Liking,Reciprocity,0.9737251050839999
S1,S1,HW,L-R,Liking,Reciprocity,0.014841871068000001
S1,S1,HW,L-R,Liking,Reciprocity,0.81044780096
S1,S1,HW,L-R,Liking,Reciprocity,0.026389234872
S1,S1,HW,L-R,Liking,Reciprocity,0.38279433726800005
S1,S1,HW,L-R,Liking,Reciprocity,0.007773850266
S1,S1,HW,L-R,Liking,Reciprocity,0.997730060561
S1,S1,HW,L-R,Liking,Reciprocity,0.606857516925
S1,S1,HW,L-R,Liking,Reciprocity,0.7930105302480001
S1,S1,HW,L-R,Liking,Reciprocity,0.48823971933099997
S1,S1,HW,L-R,Liking,Reciprocity,0.938624655881
S1,S1,HW,L-R,Liking,Reciprocity,0.548117609754
S1,S1,HW,L-R,Liking,Reciprocity,0.192306826719
S1,S1,HW,L-R,Liking,Reciprocity,0.007773850266
S1,S1,HW,L-R,Liking,Reciprocity,0.076849652295
S1,S1,HW,L-R,Liking,Reciprocity,0.442771924763
S1,S1,HW,L-R,Liking,Reciprocity,0.032712580264
S1,S1,HW,L-R,Liking,Reciprocity,0.4307189631
S1,S1,HW,L-R,Liking,Reciprocity,0.41000435225799997
S1,S1,HW,L-R,Liking,Reciprocity,0.942066126725
S1,S1,HW,L-R,Liking,Reciprocity,0.34294197427999995
S1,S1,HW,L-R,Liking,Reciprocity,0.008029760937
S1,S1,HW,L-R,Liking,Reciprocity,0.239910930504
S1,S1,HW,L-R,Liking,Reciprocity,0.094851586368
S1,S1,HW,L-R,Liking,Reciprocity,0.248247591228
S1,S1,HW,L-R,Liking,Reciprocity,0.049724632752
S1,S1,HW,L-R,Liking,Reciprocity,0.99685113968
S1,S1,HW,L-R,Liking,Reciprocity,0.028740965392
S1,S1,HW,L-R,Liking,Reciprocity,0.7690490517960001
S1,S1,HW,L-R,Liking,Reciprocity,0.819582732375
S1,S1,HW,L-R,Liking,Reciprocity,0.25326777662
S1,S1,HW,L-R,Liking,Reciprocity,0.54935139022
S1,S1,HW,L-R,Liking,Reciprocity,0.830068905171
S1,S1,HW,L-R,Liking,Reciprocity,0.084734218074
S1,S1,HW,L-R,Liking,Reciprocity,0.31526469007999997
S1,S1,HW,L-R,Liking,Reciprocity,0.008029760937
S1,S1,HW,L-R,Liking,Reciprocity,0.774715204224
S1,S1,HW,L-R,Liking,Reciprocity,0.008172885252
S1,S1,HW,L-R,Liking,Reciprocity,0.753878422284
S1,S1,HW,L-R,Liking,Reciprocity,0.991901
S1,S1,HW,L-R,Liking,Reciprocity,0.662895819988
S1,S1,HW,L-R,Liking,Reciprocity,0.129442161162
S1,S1,HW,L-R,Liking,Reciprocity,0.386726952824
S1,S1,HW,L-R,Liking,Reciprocity,0.264965532616
S1,S1,HW,L-R,Liking,Reciprocity,0.28237245236
S1,S1,HW,L-R,Liking,Reciprocity,0.040003790148000005
S1,S1,HW,L-R,Liking,Reciprocity,0.21298657402600002
S1,S1,HW,L-R,Liking,Reciprocity,0.26766214728899995
S1,S1,HW,L-R,Liking,Reciprocity,0.26961407552
S1,S1,HW,L-R,Liking,Reciprocity,0.297694998726
S1,S1,HW,L-R,Liking,Reciprocity,0.6160645104
S1,S1,HW,L-R,Liking,Reciprocity,0.18617347440899998
S1,S1,HW,L-R,Liking,Reciprocity,0.007773850266
S1,S1,HW,L-R,Liking,Reciprocity,0.085682809384
S1,S1,HW,L-R,Liking,Reciprocity,0.7836495713049999
S1,S1,HW,L-R,Liking,Reciprocity,0.164341857326
S1,S1,HW,L-R,Liking,Reciprocity,0.273646281292
S1,S1,HW,L-R,Liking,Reciprocity,0.286569209094
S1,S1,HW,L-R,Liking,Reciprocity,0.01031936856
S1,S1,HW,L-R,Liking,Reciprocity,0.008187793572
S1,S1,HW,L-R,Liking,Reciprocity,0.9280126349999999
S1,S1,HW,L-R,Liking,Reciprocity,0.7617850825320001
S1,S1,HW,L-R,Liking,Reciprocity,0.20404986234699998
S1,S1,HW,L-R,Liking,Reciprocity,0.45756292644
S1,S1,HW,L-R,Liking,Reciprocity,0.008029760937
S1,S1,HW,L-R,Liking,Reciprocity,0.384478332723
S1,S1,HW,L-R,Liking,Reciprocity,0.24910789858500001
S1,S1,HW,L-R,Liking,Reciprocity,0.311388918722
S1,S1,HW,L-R,Liking,Reciprocity,0.992463
S1,S1,HW,L-R,Liking,Reciprocity,0.008260791352
S1,S1,HW,L-R,Liking,Reciprocity,0.21462013416499998
S1,S1,HW,L-R,Liking,Reciprocity,0.373010132
S1,S1,HW,L-R,Liking,Reciprocity,0.88190886533
S1,S1,HW,L-R,Liking,Reciprocity,0.31779212976
S1,S1,HW,L-R,Liking,Reciprocity,0.007773850266
S1,S1,HW,L-R,Liking,Reciprocity,0.056658845771
S1,S1,HW,L-R,Liking,Reciprocity,0.21737616516
S1,S1,HW,L-R,Liking,Reciprocity,0.0063398765489999995
S1,S1,HW,L-R,Liking,Reciprocity,0.11518044130999999
S1,S1,HW,L-R,Liking,Reciprocity,0.2525112639
S1,S1,HW,L-R,Liking,Reciprocity,0.548117609754
S1,S1,HW,L-R,Liking,Reciprocity,0.764427235572
S1,S1,HW,L-R,Liking,Reciprocity,0.4198063233
S1,S1,HW,L-R,Liking,Reciprocity,0.296053263072
S1,S1,HW,L-R,Liking,Reciprocity,0.358135109332
S1,S1,HW,L-R,Liking,Reciprocity,0.589489975518
S1,S1,HW,L-R,Liking,Reciprocity,0.008029760937
S1,S1,HW,L-R,Liking,Reciprocity,0.2597113998
S1,S1,HW,L-R,Liking,Reciprocity,0.337078509636
S1,S1,HW,L-R,Liking,Reciprocity,0.321463338495
S1,S1,HW,L-R,Liking,Reciprocity,0.981516934981
S1,S1,HW,L-R,Liking,Reciprocity,0.572103881062
S1,S1,HW,L-R,Liking,Reciprocity,0.24855724608000002
S1,S1,HW,L-R,Liking,Reciprocity,0.259497100518
S1,S1,HW,L-R,Liking,Reciprocity,0.249865525713
S1,S1,HW,L-R,Liking,Reciprocity,0.004564497025
S1,S1,HW,L-R,Liking,Reciprocity,0.9796724467319999
S1,S1,HW,L-R,Liking,Reciprocity,0.572895387505
S1,S1,HW,L-R,Liking,Reciprocity,0.032646436713
S1,S1,HW,L-R,Liking,Reciprocity,0.116416740448
S1,S1,HW,L-R,Liking,Reciprocity,0.21744890621000001
S1,S1,HW,L-R,Liking,Reciprocity,0.7728988750339999
S1,S1,HW,L-R,Liking,Reciprocity,0.24739450848
S1,S1,HW,L-R,Liking,Reciprocity,0.109886015085
S1,S1,HW,L-R,Liking,Reciprocity,0.007773850266
S1,S1,HW,L-R,Liking,Reciprocity,0.20561452336
S1,S1,HW,L-R,Liking,Reciprocity,0.35783625708
S1,S1,HW,L-R,Liking,Reciprocity,0.760618776435
S1,S1,HW,L-R,Liking,Reciprocity,0.922374780756
S1,S1,HW,L-R,Liking,Reciprocity,0.03905677716
S1,S1,HW,L-R,Liking,Reciprocity,0.75146877234
S1,S1,HW,L-R,Liking,Reciprocity,0.999994
S1,S1,HW,L-R,Liking,Reciprocity,0.815950336964
S1,S1,HW,L-R,Liking,Reciprocity,0.297689489724
S1,S1,HW,L-R,Liking,Reciprocity,0.86193327613
S1,S1,HW,L-R,Liking,Reciprocity,0.631329
S1,S1,HW,L-R,Liking,Reciprocity,0.007773850266
S1,S1,HW,L-R,Liking,Reciprocity,0.008131299703999999
S1,S1,HW,L-SP,Liking,Social Proof,0.04310274489
S1,S1,HW,L-SP,Liking,Social Proof,0.5465791487450001
S1,S1,HW,L-SP,Liking,Social Proof,0.328568582916
S1,S1,HW,L-SP,Liking,Social Proof,0.025053650726
S1,S1,HW,L-SP,Liking,Social Proof,0.177976443038
S1,S1,HW,L-SP,Liking,Social Proof,0.7214111019080001
S1,S1,HW,L-SP,Liking,Social Proof,0.055493543364
S1,S1,HW,L-SP,Liking,Social Proof,0.007753081518000001
S1,S1,HW,L-SP,Liking,Social Proof,0.986579053668
S1,S1,HW,L-SP,Liking,Social Proof,0.006122866296
S1,S1,HW,L-SP,Liking,Social Proof,0.620443127458
S1,S1,HW,L-SP,Liking,Social Proof,0.021202166831999998
S1,S1,HW,L-SP,Liking,Social Proof,0.598604989346
S1,S1,HW,L-SP,Liking,Social Proof,0.007753081518000001
S1,S1,HW,L-SP,Liking,Social Proof,0.948112400274
S1,S1,HW,L-SP,Liking,Social Proof,0.387428415225
S1,S1,HW,L-SP,Liking,Social Proof,0.85465660374
S1,S1,HW,L-SP,Liking,Social Proof,0.295733104433
S1,S1,HW,L-SP,Liking,Social Proof,0.617925508948
S1,S1,HW,L-SP,Liking,Social Proof,0.679794072308
S1,S1,HW,L-SP,Liking,Social Proof,0.16404905514
S1,S1,HW,L-SP,Liking,Social Proof,0.007753081518000001
S1,S1,HW,L-SP,Liking,Social Proof,0.03254637087
S1,S1,HW,L-SP,Liking,Social Proof,0.5076452728799999
S1,S1,HW,L-SP,Liking,Social Proof,0.013900106636
S1,S1,HW,L-SP,Liking,Social Proof,0.321565324236
S1,S1,HW,L-SP,Liking,Social Proof,0.34177700561400004
S1,S1,HW,L-SP,Liking,Social Proof,0.981979764616
S1,S1,HW,L-SP,Liking,Social Proof,0.22078957227999998
S1,S1,HW,L-SP,Liking,Social Proof,0.008329759623
S1,S1,HW,L-SP,Liking,Social Proof,0.17260005532
S1,S1,HW,L-SP,Liking,Social Proof,0.10368242220000001
S1,S1,HW,L-SP,Liking,Social Proof,0.26065368037799996
S1,S1,HW,L-SP,Liking,Social Proof,0.06441546608
S1,S1,HW,L-SP,Liking,Social Proof,0.971283290285
S1,S1,HW,L-SP,Liking,Social Proof,0.021851813824
S1,S1,HW,L-SP,Liking,Social Proof,0.6520821318000001
S1,S1,HW,L-SP,Liking,Social Proof,0.46552712942999996
S1,S1,HW,L-SP,Liking,Social Proof,0.13964150373200002
S1,S1,HW,L-SP,Liking,Social Proof,0.742761252695
S1,S1,HW,L-SP,Liking,Social Proof,0.9363592830149999
S1,S1,HW,L-SP,Liking,Social Proof,0.07378298505599999
S1,S1,HW,L-SP,Liking,Social Proof,0.27391642819
S1,S1,HW,L-SP,Liking,Social Proof,0.008329759623
S1,S1,HW,L-SP,Liking,Social Proof,0.843689916576
S1,S1,HW,L-SP,Liking,Social Proof,0.00829904351
S1,S1,HW,L-SP,Liking,Social Proof,0.606020846028
S1,S1,HW,L-SP,Liking,Social Proof,0.99584
S1,S1,HW,L-SP,Liking,Social Proof,0.6108063872
S1,S1,HW,L-SP,Liking,Social Proof,0.128818840348
S1,S1,HW,L-SP,Liking,Social Proof,0.39187692907199995
S1,S1,HW,L-SP,Liking,Social Proof,0.237365250686
S1,S1,HW,L-SP,Liking,Social Proof,0.325387663534
S1,S1,HW,L-SP,Liking,Social Proof,0.07063531939800001
S1,S1,HW,L-SP,Liking,Social Proof,0.225180049639
S1,S1,HW,L-SP,Liking,Social Proof,0.22234932129899998
S1,S1,HW,L-SP,Liking,Social Proof,0.23259095104000002
S1,S1,HW,L-SP,Liking,Social Proof,0.295690226003
S1,S1,HW,L-SP,Liking,Social Proof,0.24252082540800002
S1,S1,HW,L-SP,Liking,Social Proof,0.32760236478000004
S1,S1,HW,L-SP,Liking,Social Proof,0.007753081518000001
S1,S1,HW,L-SP,Liking,Social Proof,0.06675883610399999
S1,S1,HW,L-SP,Liking,Social Proof,0.697306593415
S1,S1,HW,L-SP,Liking,Social Proof,0.0892720711
S1,S1,HW,L-SP,Liking,Social Proof,0.240018836156
S1,S1,HW,L-SP,Liking,Social Proof,0.216364564542
S1,S1,HW,L-SP,Liking,Social Proof,0.014582724914999998
S1,S1,HW,L-SP,Liking,Social Proof,0.007809766167
S1,S1,HW,L-SP,Liking,Social Proof,0.6245601169499999
S1,S1,HW,L-SP,Liking,Social Proof,0.408822916184
S1,S1,HW,L-SP,Liking,Social Proof,0.23131130234599998
S1,S1,HW,L-SP,Liking,Social Proof,0.756213926935
S1,S1,HW,L-SP,Liking,Social Proof,0.008329759623
S1,S1,HW,L-SP,Liking,Social Proof,0.563014721268
S1,S1,HW,L-SP,Liking,Social Proof,0.224500900065
S1,S1,HW,L-SP,Liking,Social Proof,0.38645348373
S1,S1,HW,L-SP,Liking,Social Proof,0.999352
S1,S1,HW,L-SP,Liking,Social Proof,0.007376748324
S1,S1,HW,L-SP,Liking,Social Proof,0.175895564605
S1,S1,HW,L-SP,Liking,Social Proof,0.22254285202399998
S1,S1,HW,L-SP,Liking,Social Proof,0.510042972012
S1,S1,HW,L-SP,Liking,Social Proof,0.19434182364
S1,S1,HW,L-SP,Liking,Social Proof,0.007753081518000001
S1,S1,HW,L-SP,Liking,Social Proof,0.183039033155
S1,S1,HW,L-SP,Liking,Social Proof,0.159299085456
S1,S1,HW,L-SP,Liking,Social Proof,0.015476839545999998
S1,S1,HW,L-SP,Liking,Social Proof,0.07542157063100001
S1,S1,HW,L-SP,Liking,Social Proof,0.19291188877800003
S1,S1,HW,L-SP,Liking,Social Proof,0.679794072308
S1,S1,HW,L-SP,Liking,Social Proof,0.50104949895
S1,S1,HW,L-SP,Liking,Social Proof,0.4134905285
S1,S1,HW,L-SP,Liking,Social Proof,0.184534047408
S1,S1,HW,L-SP,Liking,Social Proof,0.266668906504
S1,S1,HW,L-SP,Liking,Social Proof,0.6294579302459999
S1,S1,HW,L-SP,Liking,Social Proof,0.008329759623
S1,S1,HW,L-SP,Liking,Social Proof,0.2215001743
S1,S1,HW,L-SP,Liking,Social Proof,0.288975778058
S1,S1,HW,L-SP,Liking,Social Proof,0.277404734295
S1,S1,HW,L-SP,Liking,Social Proof,0.606169748034
S1,S1,HW,L-SP,Liking,Social Proof,0.35627778885999994
S1,S1,HW,L-SP,Liking,Social Proof,0.22251877177600002
S1,S1,HW,L-SP,Liking,Social Proof,0.24317611395100003
S1,S1,HW,L-SP,Liking,Social Proof,0.227228924958
S1,S1,HW,L-SP,Liking,Social Proof,0.007587719735
S1,S1,HW,L-SP,Liking,Social Proof,0.994565119086
S1,S1,HW,L-SP,Liking,Social Proof,0.36794393129900005
S1,S1,HW,L-SP,Liking,Social Proof,0.032507194866000004
S1,S1,HW,L-SP,Liking,Social Proof,0.115691788544
S1,S1,HW,L-SP,Liking,Social Proof,0.16282554404
S1,S1,HW,L-SP,Liking,Social Proof,0.586641661606
S1,S1,HW,L-SP,Liking,Social Proof,0.22240033099200002
S1,S1,HW,L-SP,Liking,Social Proof,0.14807190990900002
S1,S1,HW,L-SP,Liking,Social Proof,0.007753081518000001
S1,S1,HW,L-SP,Liking,Social Proof,0.17630493155
S1,S1,HW,L-SP,Liking,Social Proof,0.145800411192
S1,S1,HW,L-SP,Liking,Social Proof,0.58178041763
S1,S1,HW,L-SP,Liking,Social Proof,0.808193131176
S1,S1,HW,L-SP,Liking,Social Proof,0.03284330436
S1,S1,HW,L-SP,Liking,Social Proof,0.354065076432
S1,S1,HW,L-SP,Liking,Social Proof,0.9985620085920001
S1,S1,HW,L-SP,Liking,Social Proof,0.423544787169
S1,S1,HW,L-SP,Liking,Social Proof,0.32011484445599997
S1,S1,HW,L-SP,Liking,Social Proof,0.9814170371620001
S1,S1,HW,L-SP,Liking,Social Proof,0.613373
S1,S1,HW,L-SP,Liking,Social Proof,0.007753081518000001
S1,S1,HW,L-SP,Liking,Social Proof,0.013216219785999999
S1,S1,HW,R-R,Reciprocity,Reciprocity,0.07681156820099999
S1,S1,HW,R-R,Reciprocity,Reciprocity,0.39521968222500004
S1,S1,HW,R-R,Reciprocity,Reciprocity,0.25099599002499995
S1,S1,HW,R-R,Reciprocity,Reciprocity,0.003091026409
S1,S1,HW,R-R,Reciprocity,Reciprocity,0.302851001761
S1,S1,HW,R-R,Reciprocity,Reciprocity,0.997939062961
S1,S1,HW,R-R,Reciprocity,Reciprocity,0.011273980041
S1,S1,HW,R-R,Reciprocity,Reciprocity,0.003322715449
S1,S1,HW,R-R,Reciprocity,Reciprocity,0.9481481654409999
S1,S1,HW,R-R,Reciprocity,Reciprocity,0.013989448728999999
S1,S1,HW,R-R,Reciprocity,Reciprocity,0.6575263744000001
S1,S1,HW,R-R,Reciprocity,Reciprocity,0.015829162596000004
S1,S1,HW,R-R,Reciprocity,Reciprocity,0.20106794083600002
S1,S1,HW,R-R,Reciprocity,Reciprocity,0.003322715449
S1,S1,HW,R-R,Reciprocity,Reciprocity,0.995519031049
S1,S1,HW,R-R,Reciprocity,Reciprocity,0.637638981529
S1,S1,HW,R-R,Reciprocity,Reciprocity,0.7017178345960001
S1,S1,HW,R-R,Reciprocity,Reciprocity,0.246709896601
S1,S1,HW,R-R,Reciprocity,Reciprocity,0.882609517729
S1,S1,HW,R-R,Reciprocity,Reciprocity,0.32570077280400006
S1,S1,HW,R-R,Reciprocity,Reciprocity,0.148543180569
S1,S1,HW,R-R,Reciprocity,Reciprocity,0.003322715449
S1,S1,HW,R-R,Reciprocity,Reciprocity,0.146115827001
S1,S1,HW,R-R,Reciprocity,Reciprocity,0.277605695689
S1,S1,HW,R-R,Reciprocity,Reciprocity,0.13742293843599998
S1,S1,HW,R-R,Reciprocity,Reciprocity,0.214068155625
S1,S1,HW,R-R,Reciprocity,Reciprocity,0.16953888600099998
S1,S1,HW,R-R,Reciprocity,Reciprocity,0.893072250625
S1,S1,HW,R-R,Reciprocity,Reciprocity,0.388282273129
S1,S1,HW,R-R,Reciprocity,Reciprocity,0.003336333121
S1,S1,HW,R-R,Reciprocity,Reciprocity,0.123024159504
S1,S1,HW,R-R,Reciprocity,Reciprocity,0.052631701056000006
S1,S1,HW,R-R,Reciprocity,Reciprocity,0.06181488787600001
S1,S1,HW,R-R,Reciprocity,Reciprocity,0.019997070921000004
S1,S1,HW,R-R,Reciprocity,Reciprocity,0.993801634816
S1,S1,HW,R-R,Reciprocity,Reciprocity,0.008570871240999998
S1,S1,HW,R-R,Reciprocity,Reciprocity,0.5918317216360001
S1,S1,HW,R-R,Reciprocity,Reciprocity,0.692182400625
S1,S1,HW,R-R,Reciprocity,Reciprocity,0.06415329122499999
S1,S1,HW,R-R,Reciprocity,Reciprocity,0.301959042064
S1,S1,HW,R-R,Reciprocity,Reciprocity,0.689346612361
S1,S1,HW,R-R,Reciprocity,Reciprocity,0.029258444601
S1,S1,HW,R-R,Reciprocity,Reciprocity,0.274106696704
S1,S1,HW,R-R,Reciprocity,Reciprocity,0.003336333121
S1,S1,HW,R-R,Reciprocity,Reciprocity,0.600606400144
S1,S1,HW,R-R,Reciprocity,Reciprocity,0.0034525025639999996
S1,S1,HW,R-R,Reciprocity,Reciprocity,0.597719173129
S1,S1,HW,R-R,Reciprocity,Reciprocity,0.9838675938010001
S1,S1,HW,R-R,Reciprocity,Reciprocity,0.439997402329
S1,S1,HW,R-R,Reciprocity,Reciprocity,0.047183659524
S1,S1,HW,R-R,Reciprocity,Reciprocity,0.29118758592400007
S1,S1,HW,R-R,Reciprocity,Reciprocity,0.14064600078399997
S1,S1,HW,R-R,Reciprocity,Reciprocity,0.1059372304
S1,S1,HW,R-R,Reciprocity,Reciprocity,0.023098528324
S1,S1,HW,R-R,Reciprocity,Reciprocity,0.181453848676
S1,S1,HW,R-R,Reciprocity,Reciprocity,0.247316241481
S1,S1,HW,R-R,Reciprocity,Reciprocity,0.141288781456
S1,S1,HW,R-R,Reciprocity,Reciprocity,0.17822413155599998
S1,S1,HW,R-R,Reciprocity,Reciprocity,0.38853405562500004
S1,S1,HW,R-R,Reciprocity,Reciprocity,0.08277301620899999
S1,S1,HW,R-R,Reciprocity,Reciprocity,0.003322715449
S1,S1,HW,R-R,Reciprocity,Reciprocity,0.03276787836100001
S1,S1,HW,R-R,Reciprocity,Reciprocity,0.6141496403289999
S1,S1,HW,R-R,Reciprocity,Reciprocity,0.027511529956000005
S1,S1,HW,R-R,Reciprocity,Reciprocity,0.144988839076
S1,S1,HW,R-R,Reciprocity,Reciprocity,0.093893829241
S1,S1,HW,R-R,Reciprocity,Reciprocity,0.003293841664
S1,S1,HW,R-R,Reciprocity,Reciprocity,0.003770451216
S1,S1,HW,R-R,Reciprocity,Reciprocity,0.9747612899999999
S1,S1,HW,R-R,Reciprocity,Reciprocity,0.6245156091690001
S1,S1,HW,R-R,Reciprocity,Reciprocity,0.21347818936899998
S1,S1,HW,R-R,Reciprocity,Reciprocity,0.210416698944
S1,S1,HW,R-R,Reciprocity,Reciprocity,0.003336333121
S1,S1,HW,R-R,Reciprocity,Reciprocity,0.28881703188900004
S1,S1,HW,R-R,Reciprocity,Reciprocity,0.062180908321
S1,S1,HW,R-R,Reciprocity,Reciprocity,0.157035460729
S1,S1,HW,R-R,Reciprocity,Reciprocity,0.9849828063689999
S1,S1,HW,R-R,Reciprocity,Reciprocity,0.003811580644
S1,S1,HW,R-R,Reciprocity,Reciprocity,0.256332601849
S1,S1,HW,R-R,Reciprocity,Reciprocity,0.34633225
S1,S1,HW,R-R,Reciprocity,Reciprocity,0.9523612921000001
S1,S1,HW,R-R,Reciprocity,Reciprocity,0.11649934240000001
S1,S1,HW,R-R,Reciprocity,Reciprocity,0.003322715449
S1,S1,HW,R-R,Reciprocity,Reciprocity,0.012132361609
S1,S1,HW,R-R,Reciprocity,Reciprocity,0.0524501604
S1,S1,HW,R-R,Reciprocity,Reciprocity,0.0006243501689999999
S1,S1,HW,R-R,Reciprocity,Reciprocity,0.016146784899999995
S1,S1,HW,R-R,Reciprocity,Reciprocity,0.13024881
S1,S1,HW,R-R,Reciprocity,Reciprocity,0.32570077280400006
S1,S1,HW,R-R,Reciprocity,Reciprocity,0.584350167184
S1,S1,HW,R-R,Reciprocity,Reciprocity,0.22246881555599998
S1,S1,HW,R-R,Reciprocity,Reciprocity,0.08765033936399999
S1,S1,HW,R-R,Reciprocity,Reciprocity,0.160434694849
S1,S1,HW,R-R,Reciprocity,Reciprocity,0.398414702401
S1,S1,HW,R-R,Reciprocity,Reciprocity,0.003336333121
S1,S1,HW,R-R,Reciprocity,Reciprocity,0.13385939342400002
S1,S1,HW,R-R,Reciprocity,Reciprocity,0.280821565476
S1,S1,HW,R-R,Reciprocity,Reciprocity,0.10400302502499999
S1,S1,HW,R-R,Reciprocity,Reciprocity,0.9641138634490001
S1,S1,HW,R-R,Reciprocity,Reciprocity,0.46473943152400005
S1,S1,HW,R-R,Reciprocity,Reciprocity,0.06191139240000001
S1,S1,HW,R-R,Reciprocity,Reciprocity,0.13427680784399998
S1,S1,HW,R-R,Reciprocity,Reciprocity,0.062589532041
S1,S1,HW,R-R,Reciprocity,Reciprocity,0.0017518410250000002
S1,S1,HW,R-R,Reciprocity,Reciprocity,0.9598003336359999
S1,S1,HW,R-R,Reciprocity,Reciprocity,0.356940528025
S1,S1,HW,R-R,Reciprocity,Reciprocity,0.0028827234810000005
S1,S1,HW,R-R,Reciprocity,Reciprocity,0.072696562129
S1,S1,HW,R-R,Reciprocity,Reciprocity,0.156612522049
S1,S1,HW,R-R,Reciprocity,Reciprocity,0.5980578489639999
S1,S1,HW,R-R,Reciprocity,Reciprocity,0.061335475599999995
S1,S1,HW,R-R,Reciprocity,Reciprocity,0.06409251722499999
S1,S1,HW,R-R,Reciprocity,Reciprocity,0.003322715449
S1,S1,HW,R-R,Reciprocity,Reciprocity,0.06274023039999999
S1,S1,HW,R-R,Reciprocity,Reciprocity,0.293335976025
S1,S1,HW,R-R,Reciprocity,Reciprocity,0.661471529481
S1,S1,HW,R-R,Reciprocity,Reciprocity,0.943060458769
S1,S1,HW,R-R,Reciprocity,Reciprocity,0.040865431104
S1,S1,HW,R-R,Reciprocity,Reciprocity,0.672572211025
S1,S1,HW,R-R,Reciprocity,Reciprocity,1.0
S1,S1,HW,R-R,Reciprocity,Reciprocity,0.672065481616
S1,S1,HW,R-R,Reciprocity,Reciprocity,0.24413184540900001
S1,S1,HW,R-R,Reciprocity,Reciprocity,0.742931944225
S1,S1,HW,R-R,Reciprocity,Reciprocity,0.39857630624100004
S1,S1,HW,R-R,Reciprocity,Reciprocity,0.003322715449
S1,S1,HW,R-R,Reciprocity,Reciprocity,0.008816458816
S1,S1,HW,R-SP,Reciprocity,Social Proof,0.056360466341999996
S1,S1,HW,R-SP,Reciprocity,Social Proof,0.3436251456750001
S1,S1,HW,R-SP,Reciprocity,Social Proof,0.18707053100999999
S1,S1,HW,R-SP,Reciprocity,Social Proof,0.0042441081890000005
S1,S1,HW,R-SP,Reciprocity,Social Proof,0.183059212798
S1,S1,HW,R-SP,Reciprocity,Social Proof,0.771926322587
S1,S1,HW,R-SP,Reciprocity,Social Proof,0.006539139894
S1,S1,HW,R-SP,Reciprocity,Social Proof,0.003313838427
S1,S1,HW,R-SP,Reciprocity,Social Proof,0.960664478007
S1,S1,HW,R-SP,Reciprocity,Social Proof,0.005771207937999999
S1,S1,HW,R-SP,Reciprocity,Social Proof,0.50337322112
S1,S1,HW,R-SP,Reciprocity,Social Proof,0.012717782376
S1,S1,HW,R-SP,Reciprocity,Social Proof,0.314425426042
S1,S1,HW,R-SP,Reciprocity,Social Proof,0.003313838427
S1,S1,HW,R-SP,Reciprocity,Social Proof,0.9460113264660001
S1,S1,HW,R-SP,Reciprocity,Social Proof,0.40707983869299996
S1,S1,HW,R-SP,Reciprocity,Social Proof,0.75626710923
S1,S1,HW,R-SP,Reciprocity,Social Proof,0.149435371043
S1,S1,HW,R-SP,Reciprocity,Social Proof,0.581049018932
S1,S1,HW,R-SP,Reciprocity,Social Proof,0.40394515840800005
S1,S1,HW,R-SP,Reciprocity,Social Proof,0.12671608614000002
S1,S1,HW,R-SP,Reciprocity,Social Proof,0.003313838427
S1,S1,HW,R-SP,Reciprocity,Social Proof,0.061881085386000005
S1,S1,HW,R-SP,Reciprocity,Social Proof,0.31827948263999994
S1,S1,HW,R-SP,Reciprocity,Social Proof,0.058393238413999994
S1,S1,HW,R-SP,Reciprocity,Social Proof,0.159818586525
S1,S1,HW,R-SP,Reciprocity,Social Proof,0.141326530983
S1,S1,HW,R-SP,Reciprocity,Social Proof,0.9309101066000001
S1,S1,HW,R-SP,Reciprocity,Social Proof,0.249980123279
S1,S1,HW,R-SP,Reciprocity,Social Proof,0.003460981359
S1,S1,HW,R-SP,Reciprocity,Social Proof,0.08850775032000001
S1,S1,HW,R-SP,Reciprocity,Social Proof,0.05753179740000001
S1,S1,HW,R-SP,Reciprocity,Social Proof,0.064904065926
S1,S1,HW,R-SP,Reciprocity,Social Proof,0.02590508109
S1,S1,HW,R-SP,Reciprocity,Social Proof,0.9683120009920001
S1,S1,HW,R-SP,Reciprocity,Social Proof,0.006516450652
S1,S1,HW,R-SP,Reciprocity,Social Proof,0.5018183038
S1,S1,HW,R-SP,Reciprocity,Social Proof,0.39316309785
S1,S1,HW,R-SP,Reciprocity,Social Proof,0.035371503534999994
S1,S1,HW,R-SP,Reciprocity,Social Proof,0.40826960728399997
S1,S1,HW,R-SP,Reciprocity,Social Proof,0.777617491365
S1,S1,HW,R-SP,Reciprocity,Social Proof,0.025477020144
S1,S1,HW,R-SP,Reciprocity,Social Proof,0.23815647507200002
S1,S1,HW,R-SP,Reciprocity,Social Proof,0.003460981359
S1,S1,HW,R-SP,Reciprocity,Social Proof,0.6540797971560001
S1,S1,HW,R-SP,Reciprocity,Social Proof,0.00350579607
S1,S1,HW,R-SP,Reciprocity,Social Proof,0.48048898639300003
S1,S1,HW,R-SP,Reciprocity,Social Proof,0.98777469184
S1,S1,HW,R-SP,Reciprocity,Social Proof,0.4054230176
S1,S1,HW,R-SP,Reciprocity,Social Proof,0.046956449496
S1,S1,HW,R-SP,Reciprocity,Social Proof,0.295065280872
S1,S1,HW,R-SP,Reciprocity,Social Proof,0.12599553196399998
S1,S1,HW,R-SP,Reciprocity,Social Proof,0.12207517976
S1,S1,HW,R-SP,Reciprocity,Social Proof,0.040785433574
S1,S1,HW,R-SP,Reciprocity,Social Proof,0.19184207661400002
S1,S1,HW,R-SP,Reciprocity,Social Proof,0.205447796771
S1,S1,HW,R-SP,Reciprocity,Social Proof,0.121887152912
S1,S1,HW,R-SP,Reciprocity,Social Proof,0.177023913618
S1,S1,HW,R-SP,Reciprocity,Social Proof,0.152950865175
S1,S1,HW,R-SP,Reciprocity,Social Proof,0.14565252078000002
S1,S1,HW,R-SP,Reciprocity,Social Proof,0.003313838427
S1,S1,HW,R-SP,Reciprocity,Social Proof,0.025530738741
S1,S1,HW,R-SP,Reciprocity,Social Proof,0.546482266087
S1,S1,HW,R-SP,Reciprocity,Social Proof,0.0149445266
S1,S1,HW,R-SP,Reciprocity,Social Proof,0.127171662068
S1,S1,HW,R-SP,Reciprocity,Social Proof,0.070891417613
S1,S1,HW,R-SP,Reciprocity,Social Proof,0.004654663375999999
S1,S1,HW,R-SP,Reciprocity,Social Proof,0.003596370876
S1,S1,HW,R-SP,Reciprocity,Social Proof,0.6560223452999999
S1,S1,HW,R-SP,Reciprocity,Social Proof,0.33515527987800003
S1,S1,HW,R-SP,Reciprocity,Social Proof,0.24199927134199997
S1,S1,HW,R-SP,Reciprocity,Social Proof,0.34775553045600005
S1,S1,HW,R-SP,Reciprocity,Social Proof,0.003460981359
S1,S1,HW,R-SP,Reciprocity,Social Proof,0.42293213132400004
S1,S1,HW,R-SP,Reciprocity,Social Proof,0.056038648169000005
S1,S1,HW,R-SP,Reciprocity,Social Proof,0.194891009985
S1,S1,HW,R-SP,Reciprocity,Social Proof,0.991819883976
S1,S1,HW,R-SP,Reciprocity,Social Proof,0.0034036776780000002
S1,S1,HW,R-SP,Reciprocity,Social Proof,0.210081723713
S1,S1,HW,R-SP,Reciprocity,Social Proof,0.20662646950000002
S1,S1,HW,R-SP,Reciprocity,Social Proof,0.55078841244
S1,S1,HW,R-SP,Reciprocity,Social Proof,0.0712437236
S1,S1,HW,R-SP,Reciprocity,Social Proof,0.003313838427
S1,S1,HW,R-SP,Reciprocity,Social Proof,0.039194157745
S1,S1,HW,R-SP,Reciprocity,Social Proof,0.03843688464
S1,S1,HW,R-SP,Reciprocity,Social Proof,0.0015241570259999998
S1,S1,HW,R-SP,Reciprocity,Social Proof,0.01057311349
S1,S1,HW,R-SP,Reciprocity,Social Proof,0.0995066262
S1,S1,HW,R-SP,Reciprocity,Social Proof,0.40394515840800005
S1,S1,HW,R-SP,Reciprocity,Social Proof,0.3830166494
S1,S1,HW,R-SP,Reciprocity,Social Proof,0.21912187362
S1,S1,HW,R-SP,Reciprocity,Social Proof,0.054633655146
S1,S1,HW,R-SP,Reciprocity,Social Proof,0.119460347578
S1,S1,HW,R-SP,Reciprocity,Social Proof,0.42542758039699996
S1,S1,HW,R-SP,Reciprocity,Social Proof,0.003460981359
S1,S1,HW,R-SP,Reciprocity,Social Proof,0.114164718984
S1,S1,HW,R-SP,Reciprocity,Social Proof,0.240746971578
S1,S1,HW,R-SP,Reciprocity,Social Proof,0.08974874602499999
S1,S1,HW,R-SP,Reciprocity,Social Proof,0.595421878986
S1,S1,HW,R-SP,Reciprocity,Social Proof,0.28941655972
S1,S1,HW,R-SP,Reciprocity,Social Proof,0.05542565028
S1,S1,HW,R-SP,Reciprocity,Social Proof,0.125831511258
S1,S1,HW,R-SP,Reciprocity,Social Proof,0.056919225005999996
S1,S1,HW,R-SP,Reciprocity,Social Proof,0.002912145335
S1,S1,HW,R-SP,Reciprocity,Social Proof,0.9743909163779999
S1,S1,HW,R-SP,Reciprocity,Social Proof,0.229246218395
S1,S1,HW,R-SP,Reciprocity,Social Proof,0.0028704282420000003
S1,S1,HW,R-SP,Reciprocity,Social Proof,0.07224386511200001
S1,S1,HW,R-SP,Reciprocity,Social Proof,0.117271314676
S1,S1,HW,R-SP,Reciprocity,Social Proof,0.45393474047599996
S1,S1,HW,R-SP,Reciprocity,Social Proof,0.05513877474
S1,S1,HW,R-SP,Reciprocity,Social Proof,0.086364961265
S1,S1,HW,R-SP,Reciprocity,Social Proof,0.003313838427
S1,S1,HW,R-SP,Reciprocity,Social Proof,0.053796842
S1,S1,HW,R-SP,Reciprocity,Social Proof,0.119519766585
S1,S1,HW,R-SP,Reciprocity,Social Proof,0.505944889338
S1,S1,HW,R-SP,Reciprocity,Social Proof,0.8263181094740001
S1,S1,HW,R-SP,Reciprocity,Social Proof,0.034364222784000004
S1,S1,HW,R-SP,Reciprocity,Social Proof,0.31689185242
S1,S1,HW,R-SP,Reciprocity,Social Proof,0.998568
S1,S1,HW,R-SP,Reciprocity,Social Proof,0.34885680963599996
S1,S1,HW,R-SP,Reciprocity,Social Proof,0.262522629846
S1,S1,HW,R-SP,Reciprocity,Social Proof,0.845919385765
S1,S1,HW,R-SP,Reciprocity,Social Proof,0.38724016271699996
S1,S1,HW,R-SP,Reciprocity,Social Proof,0.003313838427
S1,S1,HW,R-SP,Reciprocity,Social Proof,0.014329844143999999
S1,S1,HW,SP-SP,Social Proof,Social Proof,0.041354476164
S1,S1,HW,SP-SP,Social Proof,Social Proof,0.29876609402500004
S1,S1,HW,SP-SP,Social Proof,Social Proof,0.13942606640400002
S1,S1,HW,SP-SP,Social Proof,Social Proof,0.005827337569
S1,S1,HW,SP-SP,Social Proof,Social Proof,0.110650700164
S1,S1,HW,SP-SP,Social Proof,Social Proof,0.5971008347290001
S1,S1,HW,SP-SP,Social Proof,Social Proof,0.003792835396
S1,S1,HW,SP-SP,Social Proof,Social Proof,0.003304985121
S1,S1,HW,SP-SP,Social Proof,Social Proof,0.9733460158889999
S1,S1,HW,SP-SP,Social Proof,Social Proof,0.0023808544359999995
S1,S1,HW,SP-SP,Social Proof,Social Proof,0.3853603590760001
S1,S1,HW,SP-SP,Social Proof,Social Proof,0.010217975055999999
S1,S1,HW,SP-SP,Social Proof,Social Proof,0.49169125684900006
S1,S1,HW,SP-SP,Social Proof,Social Proof,0.003304985121
S1,S1,HW,SP-SP,Social Proof,Social Proof,0.898965667044
S1,S1,HW,SP-SP,Social Proof,Social Proof,0.259886863681
S1,S1,HW,SP-SP,Social Proof,Social Proof,0.815056868025
S1,S1,HW,SP-SP,Social Proof,Social Proof,0.090514934449
S1,S1,HW,SP-SP,Social Proof,Social Proof,0.38252245825600006
S1,S1,HW,SP-SP,Social Proof,Social Proof,0.500986502416
S1,S1,HW,SP-SP,Social Proof,Social Proof,0.1080962884
S1,S1,HW,SP-SP,Social Proof,Social Proof,0.003304985121
S1,S1,HW,SP-SP,Social Proof,Social Proof,0.026207076996
S1,S1,HW,SP-SP,Social Proof,Social Proof,0.36491264639999993
S1,S1,HW,SP-SP,Social Proof,Social Proof,0.024812235361
S1,S1,HW,SP-SP,Social Proof,Social Proof,0.11931704892899998
S1,S1,HW,SP-SP,Social Proof,Social Proof,0.117808892289
S1,S1,HW,SP-SP,Social Proof,Social Proof,0.9703510840960001
S1,S1,HW,SP-SP,Social Proof,Social Proof,0.160939775929
S1,S1,HW,SP-SP,Social Proof,Social Proof,0.003590286561
S1,S1,HW,SP-SP,Social Proof,Social Proof,0.0636754756
S1,S1,HW,SP-SP,Social Proof,Social Proof,0.06288810062500001
S1,S1,HW,SP-SP,Social Proof,Social Proof,0.06814762460099999
S1,S1,HW,SP-SP,Social Proof,Social Proof,0.033558576099999994
S1,S1,HW,SP-SP,Social Proof,Social Proof,0.9434761409290001
S1,S1,HW,SP-SP,Social Proof,Social Proof,0.004954470544000001
S1,S1,HW,SP-SP,Social Proof,Social Proof,0.42549528999999997
S1,S1,HW,SP-SP,Social Proof,Social Proof,0.223318624356
S1,S1,HW,SP-SP,Social Proof,Social Proof,0.019502401800999998
S1,S1,HW,SP-SP,Social Proof,Social Proof,0.552008878729
S1,S1,HW,SP-SP,Social Proof,Social Proof,0.877191462225
S1,S1,HW,SP-SP,Social Proof,Social Proof,0.022184315136
S1,S1,HW,SP-SP,Social Proof,Social Proof,0.20692127299600002
S1,S1,HW,SP-SP,Social Proof,Social Proof,0.003590286561
S1,S1,HW,SP-SP,Social Proof,Social Proof,0.7123140561690001
S1,S1,HW,SP-SP,Social Proof,Social Proof,0.003559912225
S1,S1,HW,SP-SP,Social Proof,Social Proof,0.38625106308100005
S1,S1,HW,SP-SP,Social Proof,Social Proof,0.9916973055999999
S1,S1,HW,SP-SP,Social Proof,Social Proof,0.37356543999999997
S1,S1,HW,SP-SP,Social Proof,Social Proof,0.046730333584
S1,S1,HW,SP-SP,Social Proof,Social Proof,0.29899461441599995
S1,S1,HW,SP-SP,Social Proof,Social Proof,0.11287113736900001
S1,S1,HW,SP-SP,Social Proof,Social Proof,0.140671503844
S1,S1,HW,SP-SP,Social Proof,Social Proof,0.07201547944900001
S1,S1,HW,SP-SP,Social Proof,Social Proof,0.20282503032100002
S1,S1,HW,SP-SP,Social Proof,Social Proof,0.170667308161
S1,S1,HW,SP-SP,Social Proof,Social Proof,0.105149735824
S1,S1,HW,SP-SP,Social Proof,Social Proof,0.175831778329
S1,S1,HW,SP-SP,Social Proof,Social Proof,0.060210853641000005
S1,S1,HW,SP-SP,Social Proof,Social Proof,0.25629918760000003
S1,S1,HW,SP-SP,Social Proof,Social Proof,0.003304985121
S1,S1,HW,SP-SP,Social Proof,Social Proof,0.019891999521
S1,S1,HW,SP-SP,Social Proof,Social Proof,0.48627052356100003
S1,S1,HW,SP-SP,Social Proof,Social Proof,0.00811801
S1,S1,HW,SP-SP,Social Proof,Social Proof,0.111543976324
S1,S1,HW,SP-SP,Social Proof,Social Proof,0.053524210609
S1,S1,HW,SP-SP,Social Proof,Social Proof,0.006577696608999999
S1,S1,HW,SP-SP,Social Proof,Social Proof,0.0034303277610000004
S1,S1,HW,SP-SP,Social Proof,Social Proof,0.441508420521
S1,S1,HW,SP-SP,Social Proof,Social Proof,0.179865899236
S1,S1,HW,SP-SP,Social Proof,Social Proof,0.27433082275599996
S1,S1,HW,SP-SP,Social Proof,Social Proof,0.574735320769
S1,S1,HW,SP-SP,Social Proof,Social Proof,0.003590286561
S1,S1,HW,SP-SP,Social Proof,Social Proof,0.619324928784
S1,S1,HW,SP-SP,Social Proof,Social Proof,0.050503123441000004
S1,S1,HW,SP-SP,Social Proof,Social Proof,0.241872158025
S1,S1,HW,SP-SP,Social Proof,Social Proof,0.998704419904
S1,S1,HW,SP-SP,Social Proof,Social Proof,0.003039427161
S1,S1,HW,SP-SP,Social Proof,Social Proof,0.172176033481
S1,S1,HW,SP-SP,Social Proof,Social Proof,0.123276125449
S1,S1,HW,SP-SP,Social Proof,Social Proof,0.31854284481600004
S1,S1,HW,SP-SP,Social Proof,Social Proof,0.0435682129
S1,S1,HW,SP-SP,Social Proof,Social Proof,0.003304985121
S1,S1,HW,SP-SP,Social Proof,Social Proof,0.12661854722500002
S1,S1,HW,SP-SP,Social Proof,Social Proof,0.028167580224000004
S1,S1,HW,SP-SP,Social Proof,Social Proof,0.0037207560039999995
S1,S1,HW,SP-SP,Social Proof,Social Proof,0.006923404849000001
S1,S1,HW,SP-SP,Social Proof,Social Proof,0.076020415524
S1,S1,HW,SP-SP,Social Proof,Social Proof,0.500986502416
S1,S1,HW,SP-SP,Social Proof,Social Proof,0.2510511025
S1,S1,HW,SP-SP,Social Proof,Social Proof,0.2158252849
S1,S1,HW,SP-SP,Social Proof,Social Proof,0.034053904369
S1,S1,HW,SP-SP,Social Proof,Social Proof,0.08895067651600001
S1,S1,HW,SP-SP,Social Proof,Social Proof,0.45427195600899994
S1,S1,HW,SP-SP,Social Proof,Social Proof,0.003590286561
S1,S1,HW,SP-SP,Social Proof,Social Proof,0.09736771344399998
S1,S1,HW,SP-SP,Social Proof,Social Proof,0.20639121580900002
S1,S1,HW,SP-SP,Social Proof,Social Proof,0.077448107025
S1,S1,HW,SP-SP,Social Proof,Social Proof,0.367723385604
S1,S1,HW,SP-SP,Social Proof,Social Proof,0.18023421159999997
S1,S1,HW,SP-SP,Social Proof,Social Proof,0.049619344516
S1,S1,HW,SP-SP,Social Proof,Social Proof,0.117917378881
S1,S1,HW,SP-SP,Social Proof,Social Proof,0.051762620195999996
S1,S1,HW,SP-SP,Social Proof,Social Proof,0.0048409589289999996
S1,S1,HW,SP-SP,Social Proof,Social Proof,0.989203300569
S1,S1,HW,SP-SP,Social Proof,Social Proof,0.147234131521
S1,S1,HW,SP-SP,Social Proof,Social Proof,0.0028581854440000005
S1,S1,HW,SP-SP,Social Proof,Social Proof,0.071793987136
S1,S1,HW,SP-SP,Social Proof,Social Proof,0.08781265422399999
S1,S1,HW,SP-SP,Social Proof,Social Proof,0.344543172484
S1,S1,HW,SP-SP,Social Proof,Social Proof,0.049568124321
S1,S1,HW,SP-SP,Social Proof,Social Proof,0.11637718188100002
S1,S1,HW,SP-SP,Social Proof,Social Proof,0.003304985121
S1,S1,HW,SP-SP,Social Proof,Social Proof,0.046128300625
S1,S1,HW,SP-SP,Social Proof,Social Proof,0.04869833832900001
S1,S1,HW,SP-SP,Social Proof,Social Proof,0.386986014724
S1,S1,HW,SP-SP,Social Proof,Social Proof,0.7240274064040001
S1,S1,HW,SP-SP,Social Proof,Social Proof,0.028897280064
S1,S1,HW,SP-SP,Social Proof,Social Proof,0.14930805121600002
S1,S1,HW,SP-SP,Social Proof,Social Proof,0.9971380506240001
S1,S1,HW,SP-SP,Social Proof,Social Proof,0.181085142681
S1,S1,HW,SP-SP,Social Proof,Social Proof,0.28229881712399996
S1,S1,HW,SP-SP,Social Proof,Social Proof,0.9631832535610001
S1,S1,HW,SP-SP,Social Proof,Social Proof,0.37622643712899995
S1,S1,HW,SP-SP,Social Proof,Social Proof,0.003304985121
S1,S1,HW,SP-SP,Social Proof,Social Proof,0.023291032996
S1,S1,LLM,A-A,Authority,Authority,0.9799653646240001
S1,S1,LLM,A-A,Authority,Authority,0.9801435604839999
S1,S1,LLM,A-A,Authority,Authority,0.9863508951040001
S1,S1,LLM,A-A,Authority,Authority,0.986815744996
S1,S1,LLM,A-A,Authority,Authority,0.994724974881
S1,S1,LLM,A-A,Authority,Authority,0.9026976108159999
S1,S1,LLM,A-A,Authority,Authority,0.9515222116
S1,S1,LLM,A-A,Authority,Authority,0.9726515853609999
S1,S1,LLM,A-A,Authority,Authority,0.9781862750890001
S1,S1,LLM,A-A,Authority,Authority,1.0
S1,S1,LLM,A-A,Authority,Authority,0.9550468802250001
S1,S1,LLM,A-A,Authority,Authority,0.9970801345209999
S1,S1,LLM,A-A,Authority,Authority,0.959222401201
S1,S1,LLM,A-A,Authority,Authority,0.9897603476889999
S1,S1,LLM,A-A,Authority,Authority,0.9977332859560001
S1,S1,LLM,A-A,Authority,Authority,0.9811496809
S1,S1,LLM,A-A,Authority,Authority,0.9839687703039999
S1,S1,LLM,A-A,Authority,Authority,0.983322123876
S1,S1,LLM,A-A,Authority,Authority,0.9576090306249999
S1,S1,LLM,A-A,Authority,Authority,0.9789262116490001
S1,S1,LLM,A-A,Authority,Authority,0.9900707705289999
S1,S1,LLM,A-A,Authority,Authority,0.996387268864
S1,S1,LLM,A-A,Authority,Authority,0.999466071289
S1,S1,LLM,A-A,Authority,Authority,0.9856637536359999
S1,S1,LLM,A-A,Authority,Authority,0.9841235208999999
S1,S1,LLM,A-A,Authority,Authority,0.999574045369
S1,S1,LLM,A-A,Authority,Authority,0.998418625681
S1,S1,LLM,A-A,Authority,Authority,0.999950000625
S1,S1,LLM,A-A,Authority,Authority,0.9998260075690001
S1,S1,LLM,A-A,Authority,Authority,0.8244821601
S1,S1,LLM,A-A,Authority,Authority,0.9939192720250001
S1,S1,LLM,A-A,Authority,Authority,0.992757162384
S1,S1,LLM,A-A,Authority,Authority,0.9965230276000001
S1,S1,LLM,A-A,Authority,Authority,0.9989062992090001
S1,S1,LLM,A-A,Authority,Authority,0.9999200015999999
S1,S1,LLM,A-A,Authority,Authority,0.9996700272250001
S1,S1,LLM,A-A,Authority,Authority,1.0
S1,S1,LLM,A-A,Authority,Authority,0.9999980000009999
S1,S1,LLM,A-A,Authority,Authority,0.9967845888810001
S1,S1,LLM,A-A,Authority,Authority,0.9975355202889999
S1,S1,LLM,A-A,Authority,Authority,0.614317358656
S1,S1,LLM,A-A,Authority,Authority,0.9933510888999999
S1,S1,LLM,A-A,Authority,Authority,0.9972698659560001
S1,S1,LLM,A-A,Authority,Authority,0.976869326689
S1,S1,LLM,A-A,Authority,Authority,0.9921275551360001
S1,S1,LLM,A-A,Authority,Authority,0.9928926736
S1,S1,LLM,A-L,Authority,Liking,0.68827992096
S1,S1,LLM,A-L,Authority,Liking,0.8194917005219999
S1,S1,LLM,A-L,Authority,Liking,0.8496971525120001
S1,S1,LLM,A-L,Authority,Liking,0.778477866146
S1,S1,LLM,A-L,Authority,Liking,0.858018971469
S1,S1,LLM,A-L,Authority,Liking,0.652234994752
S1,S1,LLM,A-L,Authority,Liking,0.97159912932
S1,S1,LLM,A-L,Authority,Liking,0.830785214704
S1,S1,LLM,A-L,Authority,Liking,0.21932301291500003
S1,S1,LLM,A-L,Authority,Liking,0.602974
S1,S1,LLM,A-L,Authority,Liking,0.5439847896000001
S1,S1,LLM,A-L,Authority,Liking,0.6420705623899999
S1,S1,LLM,A-L,Authority,Liking,0.79657458867
S1,S1,LLM,A-L,Authority,Liking,0.7439018505799999
S1,S1,LLM,A-L,Authority,Liking,0.254777754022
S1,S1,LLM,A-L,Authority,Liking,0.9303790752200001
S1,S1,LLM,A-L,Authority,Liking,0.911242817472
S1,S1,LLM,A-L,Authority,Liking,0.797884095372
S1,S1,LLM,A-L,Authority,Liking,0.2241367323
S1,S1,LLM,A-L,Authority,Liking,0.606467904127
S1,S1,LLM,A-L,Authority,Liking,0.7285478804159999
S1,S1,LLM,A-L,Authority,Liking,0.871084227104
S1,S1,LLM,A-L,Authority,Liking,0.760134989754
S1,S1,LLM,A-L,Authority,Liking,0.918079477992
S1,S1,LLM,A-L,Authority,Liking,0.82583719816
S1,S1,LLM,A-L,Authority,Liking,0.697147475952
S1,S1,LLM,A-L,Authority,Liking,0.998101876428
S1,S1,LLM,A-L,Authority,Liking,0.77327866755
S1,S1,LLM,A-L,Authority,Liking,0.9945114699740001
S1,S1,LLM,A-L,Authority,Liking,0.15253750791
S1,S1,LLM,A-L,Authority,Liking,0.29118064685
S1,S1,LLM,A-L,Authority,Liking,0.92447379648
S1,S1,LLM,A-L,Authority,Liking,0.89746369128
S1,S1,LLM,A-L,Authority,Liking,0.7871601877230001
S1,S1,LLM,A-L,Authority,Liking,0.8377154900399999
S1,S1,LLM,A-L,Authority,Liking,0.83513018078
S1,S1,LLM,A-L,Authority,Liking,0.956229
S1,S1,LLM,A-L,Authority,Liking,0.940218059781
S1,S1,LLM,A-L,Authority,Liking,0.774086487594
S1,S1,LLM,A-L,Authority,Liking,0.8077138593369999
S1,S1,LLM,A-L,Authority,Liking,0.313012762024
S1,S1,LLM,A-L,Authority,Liking,0.8461190098199999
S1,S1,LLM,A-L,Authority,Liking,0.768133294656
S1,S1,LLM,A-L,Authority,Liking,0.982841040103
S1,S1,LLM,A-L,Authority,Liking,0.941354596592
S1,S1,LLM,A-L,Authority,Liking,0.7344430414800001
S1,S1,LLM,A-R,Authority,Reciprocity,0.11209495002
S1,S1,LLM,A-R,Authority,Reciprocity,0.132558005668
S1,S1,LLM,A-R,Authority,Reciprocity,0.207475411712
S1,S1,LLM,A-R,Authority,Reciprocity,0.207078265402
S1,S1,LLM,A-R,Authority,Reciprocity,0.380600173272
S1,S1,LLM,A-R,Authority,Reciprocity,0.15437384802399998
S1,S1,LLM,A-R,Authority,Reciprocity,0.18304116716000002
S1,S1,LLM,A-R,Authority,Reciprocity,0.142128708103
S1,S1,LLM,A-R,Authority,Reciprocity,0.10295932433300001
S1,S1,LLM,A-R,Authority,Reciprocity,0.369395
S1,S1,LLM,A-R,Authority,Reciprocity,0.25787677914
S1,S1,LLM,A-R,Authority,Reciprocity,0.534329202829
S1,S1,LLM,A-R,Authority,Reciprocity,0.18356189877700002
S1,S1,LLM,A-R,Authority,Reciprocity,0.217719678881
S1,S1,LLM,A-R,Authority,Reciprocity,0.47770167130400004
S1,S1,LLM,A-R,Authority,Reciprocity,0.23206632105
S1,S1,LLM,A-R,Authority,Reciprocity,0.36168057848
S1,S1,LLM,A-R,Authority,Reciprocity,0.13727078718
S1,S1,LLM,A-R,Authority,Reciprocity,0.216217124825
S1,S1,LLM,A-R,Authority,Reciprocity,0.192416905139
S1,S1,LLM,A-R,Authority,Reciprocity,0.216236408314
S1,S1,LLM,A-R,Authority,Reciprocity,0.506950772848
S1,S1,LLM,A-R,Authority,Reciprocity,0.430768953972
S1,S1,LLM,A-R,Authority,Reciprocity,0.09647691585599999
S1,S1,LLM,A-R,Authority,Reciprocity,0.20973994275
S1,S1,LLM,A-R,Authority,Reciprocity,0.6188291613069999
S1,S1,LLM,A-R,Authority,Reciprocity,0.376556907695
S1,S1,LLM,A-R,Authority,Reciprocity,0.639775005225
S1,S1,LLM,A-R,Authority,Reciprocity,0.377986112347
S1,S1,LLM,A-R,Authority,Reciprocity,0.17590696128
S1,S1,LLM,A-R,Authority,Reciprocity,0.55186842807
S1,S1,LLM,A-R,Authority,Reciprocity,0.275733994536
S1,S1,LLM,A-R,Authority,Reciprocity,0.2226269539
S1,S1,LLM,A-R,Authority,Reciprocity,0.230989579548
S1,S1,LLM,A-R,Authority,Reciprocity,0.57472900992
S1,S1,LLM,A-R,Authority,Reciprocity,0.5684311933749999
S1,S1,LLM,A-R,Authority,Reciprocity,0.930122
S1,S1,LLM,A-R,Authority,Reciprocity,0.615406384593
S1,S1,LLM,A-R,Authority,Reciprocity,0.5022485796780001
S1,S1,LLM,A-R,Authority,Reciprocity,0.576604169372
S1,S1,LLM,A-R,Authority,Reciprocity,0.113759977328
S1,S1,LLM,A-R,Authority,Reciprocity,0.16169575411999998
S1,S1,LLM,A-R,Authority,Reciprocity,0.501142502952
S1,S1,LLM,A-R,Authority,Reciprocity,0.271814762138
S1,S1,LLM,A-R,Authority,Reciprocity,0.49089325087200003
S1,S1,LLM,A-R,Authority,Reciprocity,0.49196534612000004
S1,S1,LLM,A-SP,Authority,Social Proof,0.272174873876
S1,S1,LLM,A-SP,Authority,Social Proof,0.218944355322
S1,S1,LLM,A-SP,Authority,Social Proof,0.24915402854399998
S1,S1,LLM,A-SP,Authority,Social Proof,0.281001084592
S1,S1,LLM,A-SP,Authority,Social Proof,0.27853045321200004
S1,S1,LLM,A-SP,Authority,Social Proof,0.157799923048
S1,S1,LLM,A-SP,Authority,Social Proof,0.19052392082
S1,S1,LLM,A-SP,Authority,Social Proof,0.237422292247
S1,S1,LLM,A-SP,Authority,Social Proof,0.13385572622
S1,S1,LLM,A-SP,Authority,Social Proof,0.246434
S1,S1,LLM,A-SP,Authority,Social Proof,0.28271006005500005
S1,S1,LLM,A-SP,Authority,Social Proof,0.349073257776
S1,S1,LLM,A-SP,Authority,Social Proof,0.193886723035
S1,S1,LLM,A-SP,Authority,Social Proof,0.376783989176
S1,S1,LLM,A-SP,Authority,Social Proof,0.315597705896
S1,S1,LLM,A-SP,Authority,Social Proof,0.17235023894
S1,S1,LLM,A-SP,Authority,Social Proof,0.32794925072
S1,S1,LLM,A-SP,Authority,Social Proof,0.18021612598800002
S1,S1,LLM,A-SP,Authority,Social Proof,0.159682889925
S1,S1,LLM,A-SP,Authority,Social Proof,0.25586559723499996
S1,S1,LLM,A-SP,Authority,Social Proof,0.325477993438
S1,S1,LLM,A-SP,Authority,Social Proof,0.319235776288
S1,S1,LLM,A-SP,Authority,Social Proof,0.296058931154
S1,S1,LLM,A-SP,Authority,Social Proof,0.122037699132
S1,S1,LLM,A-SP,Authority,Social Proof,0.22011558452
S1,S1,LLM,A-SP,Authority,Social Proof,0.422661953824
S1,S1,LLM,A-SP,Authority,Social Proof,0.334667068788
S1,S1,LLM,A-SP,Authority,Social Proof,0.6544476384
S1,S1,LLM,A-SP,Authority,Social Proof,0.45868609083800005
S1,S1,LLM,A-SP,Authority,Social Proof,0.08251540874999999
S1,S1,LLM,A-SP,Authority,Social Proof,0.34123177567
S1,S1,LLM,A-SP,Authority,Social Proof,0.277018318044
S1,S1,LLM,A-SP,Authority,Social Proof,0.28688694662
S1,S1,LLM,A-SP,Authority,Social Proof,0.301490994168
S1,S1,LLM,A-SP,Authority,Social Proof,0.5521249141200001
S1,S1,LLM,A-SP,Authority,Social Proof,0.5269810337799999
S1,S1,LLM,A-SP,Authority,Social Proof,0.869913
S1,S1,LLM,A-SP,Authority,Social Proof,0.584495415504
S1,S1,LLM,A-SP,Authority,Social Proof,0.388312198758
S1,S1,LLM,A-SP,Authority,Social Proof,0.414239612017
S1,S1,LLM,A-SP,Authority,Social Proof,0.170926830936
S1,S1,LLM,A-SP,Authority,Social Proof,0.20642730038999998
S1,S1,LLM,A-SP,Authority,Social Proof,0.356480381712
S1,S1,LLM,A-SP,Authority,Social Proof,0.364818120104
S1,S1,LLM,A-SP,Authority,Social Proof,0.303419574776
S1,S1,LLM,A-SP,Authority,Social Proof,0.270060151
S1,S1,LLM,L-L,Liking,Liking,0.4834142784
S1,S1,LLM,L-L,Liking,Liking,0.6851717180010001
S1,S1,LLM,L-L,Liking,Liking,0.731976069136
S1,S1,LLM,L-L,Liking,Liking,0.614124562921
S1,S1,LLM,L-L,Liking,Liking,0.740100604681
S1,S1,LLM,L-L,Liking,Liking,0.471265774144
S1,S1,LLM,L-L,Liking,Liking,0.992099665764
S1,S1,LLM,L-L,Liking,Liking,0.709610803456
S1,S1,LLM,L-L,Liking,Liking,0.049175280025000004
S1,S1,LLM,L-L,Liking,Liking,0.363577644676
S1,S1,LLM,L-L,Liking,Liking,0.30984808960000004
S1,S1,LLM,L-L,Liking,Liking,0.41346186009999997
S1,S1,LLM,L-L,Liking,Liking,0.6615056888999999
S1,S1,LLM,L-L,Liking,Liking,0.5591151075999999
S1,S1,LLM,L-L,Liking,Liking,0.06505917448899999
S1,S1,LLM,L-L,Liking,Liking,0.8822356470760001
S1,S1,LLM,L-L,Liking,Liking,0.843892100496
S1,S1,LLM,L-L,Liking,Liking,0.647416562884
S1,S1,LLM,L-L,Liking,Liking,0.052461153935999996
S1,S1,LLM,L-L,Liking,Liking,0.375721187521
S1,S1,LLM,L-L,Liking,Liking,0.536105124864
S1,S1,LLM,L-L,Liking,Liking,0.7615389662440001
S1,S1,LLM,L-L,Liking,Liking,0.578113874244
S1,S1,LLM,L-L,Liking,Liking,0.855129271824
S1,S1,LLM,L-L,Liking,Liking,0.693009630784
S1,S1,LLM,L-L,Liking,Liking,0.48622171161600003
S1,S1,LLM,L-L,Liking,Liking,0.997785227664
S1,S1,LLM,L-L,Liking,Liking,0.5979897968040001
S1,S1,LLM,L-L,Liking,Liking,0.989225181604
S1,S1,LLM,L-L,Liking,Liking,0.028220976081
S1,S1,LLM,L-L,Liking,Liking,0.0853048849
S1,S1,LLM,L-L,Liking,Liking,0.8608870656
S1,S1,LLM,L-L,Liking,Liking,0.8082513447840001
S1,S1,LLM,L-L,Liking,Liking,0.6202995832810001
S1,S1,LLM,L-L,Liking,Liking,0.7018233870009999
S1,S1,LLM,L-L,Liking,Liking,0.697672631824
S1,S1,LLM,L-L,Liking,Liking,0.914373900441
S1,S1,LLM,L-L,Liking,Liking,0.884011767961
S1,S1,LLM,L-L,Liking,Liking,0.6011428115559999
S1,S1,LLM,L-L,Liking,Liking,0.6540134815209999
S1,S1,LLM,L-L,Liking,Liking,0.15948920832100003
S1,S1,LLM,L-L,Liking,Liking,0.720709310916
S1,S1,LLM,L-L,Liking,Liking,0.591644025856
S1,S1,LLM,L-L,Liking,Liking,0.988849259281
S1,S1,LLM,L-L,Liking,Liking,0.893179986724
S1,S1,LLM,L-L,Liking,Liking,0.543267762489
S1,S1,LLM,L-R,Liking,Reciprocity,0.0787300308
S1,S1,LLM,L-R,Liking,Reciprocity,0.11083089239400001
S1,S1,LLM,L-R,Liking,Reciprocity,0.17873078173600002
S1,S1,LLM,L-R,Liking,Reciprocity,0.163359621077
S1,S1,LLM,L-R,Liking,Reciprocity,0.328293927928
S1,S1,LLM,L-R,Liking,Reciprocity,0.11154125672799999
S1,S1,LLM,L-R,Liking,Reciprocity,0.186903297132
S1,S1,LLM,L-R,Liking,Reciprocity,0.121398485392
S1,S1,LLM,L-R,Liking,Reciprocity,0.023084917255
S1,S1,LLM,L-R,Liking,Reciprocity,0.22273558073
S1,S1,LLM,L-R,Liking,Reciprocity,0.14688393664000002
S1,S1,LLM,L-R,Liking,Reciprocity,0.34408172411
S1,S1,LLM,L-R,Liking,Reciprocity,0.15243674859
S1,S1,LLM,L-R,Liking,Reciprocity,0.16363766482
S1,S1,LLM,L-R,Liking,Reciprocity,0.121984262348
S1,S1,LLM,L-R,Liking,Reciprocity,0.22005780909
S1,S1,LLM,L-R,Liking,Reciprocity,0.33494846514000004
S1,S1,LLM,L-R,Liking,Reciprocity,0.11138382345999999
S1,S1,LLM,L-R,Liking,Reciprocity,0.050607500844
S1,S1,LLM,L-R,Liking,Reciprocity,0.119206816397
S1,S1,LLM,L-R,Liking,Reciprocity,0.159118501056
S1,S1,LLM,L-R,Liking,Reciprocity,0.44319797727800003
S1,S1,LLM,L-R,Liking,Reciprocity,0.327617478792
S1,S1,LLM,L-R,Liking,Reciprocity,0.089861756832
S1,S1,LLM,L-R,Liking,Reciprocity,0.1760053926
S1,S1,LLM,L-R,Liking,Reciprocity,0.431599029456
S1,S1,LLM,L-R,Liking,Reciprocity,0.37643744466
S1,S1,LLM,L-R,Liking,Reciprocity,0.49474910071800005
S1,S1,LLM,L-R,Liking,Reciprocity,0.375976941362
S1,S1,LLM,L-R,Liking,Reciprocity,0.032544560448000005
S1,S1,LLM,L-R,Liking,Reciprocity,0.16167651678
S1,S1,LLM,L-R,Liking,Reciprocity,0.25676858591999996
S1,S1,LLM,L-R,Liking,Reciprocity,0.20049672942
S1,S1,LLM,L-R,Liking,Reciprocity,0.182024881556
S1,S1,LLM,L-R,Liking,Reciprocity,0.481497913248
S1,S1,LLM,L-R,Liking,Reciprocity,0.4748707397
S1,S1,LLM,L-R,Liking,Reciprocity,0.889409629938
S1,S1,LLM,L-R,Liking,Reciprocity,0.5786173541330001
S1,S1,LLM,L-R,Liking,Reciprocity,0.39003797137199997
S1,S1,LLM,L-R,Liking,Reciprocity,0.466881799676
S1,S1,LLM,L-R,Liking,Reciprocity,0.057964054262
S1,S1,LLM,L-R,Liking,Reciprocity,0.13772960325599998
S1,S1,LLM,L-R,Liking,Reciprocity,0.385998068352
S1,S1,LLM,L-R,Liking,Reciprocity,0.273476396726
S1,S1,LLM,L-R,Liking,Reciprocity,0.465771377634
S1,S1,LLM,L-R,Liking,Reciprocity,0.36390693044100003
S1,S1,LLM,L-SP,Liking,Social Proof,0.19116236904
S1,S1,LLM,L-SP,Liking,Social Proof,0.183057961401
S1,S1,LLM,L-SP,Liking,Social Proof,0.214635044832
S1,S1,LLM,L-SP,Liking,Social Proof,0.22167575439200002
S1,S1,LLM,L-SP,Liking,Social Proof,0.24025174698800003
S1,S1,LLM,L-SP,Liking,Social Proof,0.11401673245600001
S1,S1,LLM,L-SP,Liking,Social Proof,0.194543935314
S1,S1,LLM,L-SP,Liking,Social Proof,0.20279299700800002
S1,S1,LLM,L-SP,Liking,Social Proof,0.030012321699999997
S1,S1,LLM,L-SP,Liking,Social Proof,0.148593294716
S1,S1,LLM,L-SP,Liking,Social Proof,0.16102871568000002
S1,S1,LLM,L-SP,Liking,Social Proof,0.22478600784
S1,S1,LLM,L-SP,Liking,Social Proof,0.16101087345
S1,S1,LLM,L-SP,Liking,Social Proof,0.28319007472
S1,S1,LLM,L-SP,Liking,Social Proof,0.080589949052
S1,S1,LLM,L-SP,Liking,Social Proof,0.163431797452
S1,S1,LLM,L-SP,Liking,Social Proof,0.30371024796
S1,S1,LLM,L-SP,Liking,Social Proof,0.146230393036
S1,S1,LLM,L-SP,Liking,Social Proof,0.037375170876
S1,S1,LLM,L-SP,Liking,Social Proof,0.15851477940499997
S1,S1,LLM,L-SP,Liking,Social Proof,0.239504396352
S1,S1,LLM,L-SP,Liking,Social Proof,0.279089524868
S1,S1,LLM,L-SP,Liking,Social Proof,0.225164974644
S1,S1,LLM,L-SP,Liking,Social Proof,0.113669906904
S1,S1,LLM,L-SP,Liking,Social Proof,0.184712217248
S1,S1,LLM,L-SP,Liking,Social Proof,0.29478327859200004
S1,S1,LLM,L-SP,Liking,Social Proof,0.334560895344
S1,S1,LLM,L-SP,Liking,Social Proof,0.5060957022720001
S1,S1,LLM,L-SP,Liking,Social Proof,0.456247962148
S1,S1,LLM,L-SP,Liking,Social Proof,0.015266182125
S1,S1,LLM,L-SP,Liking,Social Proof,0.09996796718
S1,S1,LLM,L-SP,Liking,Social Proof,0.25796457168000003
S1,S1,LLM,L-SP,Liking,Social Proof,0.258368959836
S1,S1,LLM,L-SP,Liking,Social Proof,0.237581550696
S1,S1,LLM,L-SP,Liking,Social Proof,0.462560597103
S1,S1,LLM,L-SP,Liking,Social Proof,0.44024303422399996
S1,S1,LLM,L-SP,Liking,Social Proof,0.831836038077
S1,S1,LLM,L-SP,Liking,Social Proof,0.549554244624
S1,S1,LLM,L-SP,Liking,Social Proof,0.301556855292
S1,S1,LLM,L-SP,Liking,Social Proof,0.33541369596099996
S1,S1,LLM,L-SP,Liking,Social Proof,0.08709224751900001
S1,S1,LLM,L-SP,Liking,Social Proof,0.175831148682
S1,S1,LLM,L-SP,Liking,Social Proof,0.274574074112
S1,S1,LLM,L-SP,Liking,Social Proof,0.367048294808
S1,S1,LLM,L-SP,Liking,Social Proof,0.28789182392199997
S1,S1,LLM,L-SP,Liking,Social Proof,0.19976358367500002
S1,S1,LLM,R-R,Reciprocity,Reciprocity,0.012822165225000001
S1,S1,LLM,R-R,Reciprocity,Reciprocity,0.017927603236000005
S1,S1,LLM,R-R,Reciprocity,Reciprocity,0.043641716836
S1,S1,LLM,R-R,Reciprocity,Reciprocity,0.043454320849
S1,S1,LLM,R-R,Reciprocity,Reciprocity,0.145624665664
S1,S1,LLM,R-R,Reciprocity,Reciprocity,0.026400075360999996
S1,S1,LLM,R-R,Reciprocity,Reciprocity,0.035211021316000006
S1,S1,LLM,R-R,Reciprocity,Reciprocity,0.020768556768999996
S1,S1,LLM,R-R,Reciprocity,Reciprocity,0.010837018201
S1,S1,LLM,R-R,Reciprocity,Reciprocity,0.13645266602499997
S1,S1,LLM,R-R,Reciprocity,Reciprocity,0.069630543376
S1,S1,LLM,R-R,Reciprocity,Reciprocity,0.286343782321
S1,S1,LLM,R-R,Reciprocity,Reciprocity,0.035127380929
S1,S1,LLM,R-R,Reciprocity,Reciprocity,0.04789225864900001
S1,S1,LLM,R-R,Reciprocity,Reciprocity,0.228717323536
S1,S1,LLM,R-R,Reciprocity,Reciprocity,0.054889461225
S1,S1,LLM,R-R,Reciprocity,Reciprocity,0.13294409822500003
S1,S1,LLM,R-R,Reciprocity,Reciprocity,0.0191628649
S1,S1,LLM,R-R,Reciprocity,Reciprocity,0.048819344401000005
S1,S1,LLM,R-R,Reciprocity,Reciprocity,0.037821303529000004
S1,S1,LLM,R-R,Reciprocity,Reciprocity,0.047227113124000006
S1,S1,LLM,R-R,Reciprocity,Reciprocity,0.257930921161
S1,S1,LLM,R-R,Reciprocity,Reciprocity,0.185661021456
S1,S1,LLM,R-R,Reciprocity,Reciprocity,0.009443174976
S1,S1,LLM,R-R,Reciprocity,Reciprocity,0.044700530625
S1,S1,LLM,R-R,Reciprocity,Reciprocity,0.38311271952099996
S1,S1,LLM,R-R,Reciprocity,Reciprocity,0.142019691025
S1,S1,LLM,R-R,Reciprocity,Reciprocity,0.409332523681
S1,S1,LLM,R-R,Reciprocity,Reciprocity,0.142898364361
S1,S1,LLM,R-R,Reciprocity,Reciprocity,0.037530537984
S1,S1,LLM,R-R,Reciprocity,Reciprocity,0.306422030916
S1,S1,LLM,R-R,Reciprocity,Reciprocity,0.07658392064399999
S1,S1,LLM,R-R,Reciprocity,Reciprocity,0.049735690225
S1,S1,LLM,R-R,Reciprocity,Reciprocity,0.05341460545599999
S1,S1,LLM,R-R,Reciprocity,Reciprocity,0.330339861504
S1,S1,LLM,R-R,Reciprocity,Reciprocity,0.32322067562499995
S1,S1,LLM,R-R,Reciprocity,Reciprocity,0.865126934884
S1,S1,LLM,R-R,Reciprocity,Reciprocity,0.37872577564900006
S1,S1,LLM,R-R,Reciprocity,Reciprocity,0.253067351364
S1,S1,LLM,R-R,Reciprocity,Reciprocity,0.33329376385600007
S1,S1,LLM,R-R,Reciprocity,Reciprocity,0.021066200163999998
S1,S1,LLM,R-R,Reciprocity,Reciprocity,0.026320519695999998
S1,S1,LLM,R-R,Reciprocity,Reciprocity,0.25183134158400006
S1,S1,LLM,R-R,Reciprocity,Reciprocity,0.07563270019599999
S1,S1,LLM,R-R,Reciprocity,Reciprocity,0.242888308569
S1,S1,LLM,R-R,Reciprocity,Reciprocity,0.24376240072900002
S1,S1,LLM,R-SP,Reciprocity,Social Proof,0.031133170605
S1,S1,LLM,R-SP,Reciprocity,Social Proof,0.029610791994
S1,S1,LLM,R-SP,Reciprocity,Social Proof,0.052408666032
S1,S1,LLM,R-SP,Reciprocity,Social Proof,0.058966648504000005
S1,S1,LLM,R-SP,Reciprocity,Social Proof,0.10657090294400001
S1,S1,LLM,R-SP,Reciprocity,Social Proof,0.026985981847
S1,S1,LLM,R-SP,Reciprocity,Social Proof,0.036650453782
S1,S1,LLM,R-SP,Reciprocity,Social Proof,0.034693331281
S1,S1,LLM,R-SP,Reciprocity,Social Proof,0.014089029339999998
S1,S1,LLM,R-SP,Reciprocity,Social Proof,0.09103148742999999
S1,S1,LLM,R-SP,Reciprocity,Social Proof,0.076335896412
S1,S1,LLM,R-SP,Reciprocity,Social Proof,0.187066243824
S1,S1,LLM,R-SP,Reciprocity,Social Proof,0.037103194195
S1,S1,LLM,R-SP,Reciprocity,Social Proof,0.08288197170400001
S1,S1,LLM,R-SP,Reciprocity,Social Proof,0.151104061264
S1,S1,LLM,R-SP,Reciprocity,Social Proof,0.04076512143
S1,S1,LLM,R-SP,Reciprocity,Social Proof,0.12054536515000001
S1,S1,LLM,R-SP,Reciprocity,Social Proof,0.02515799134
S1,S1,LLM,R-SP,Reciprocity,Social Proof,0.036054563229
S1,S1,LLM,R-SP,Reciprocity,Social Proof,0.050292724585
S1,S1,LLM,R-SP,Reciprocity,Social Proof,0.071086021708
S1,S1,LLM,R-SP,Reciprocity,Social Proof,0.162423616366
S1,S1,LLM,R-SP,Reciprocity,Social Proof,0.127601125992
S1,S1,LLM,R-SP,Reciprocity,Social Proof,0.011945068272
S1,S1,LLM,R-SP,Reciprocity,Social Proof,0.0469118247
S1,S1,LLM,R-SP,Reciprocity,Social Proof,0.261667000672
S1,S1,LLM,R-SP,Reciprocity,Social Proof,0.12622079886
S1,S1,LLM,R-SP,Reciprocity,Social Proof,0.41872017702400005
S1,S1,LLM,R-SP,Reciprocity,Social Proof,0.17340714379400002
S1,S1,LLM,R-SP,Reciprocity,Social Proof,0.017605032
S1,S1,LLM,R-SP,Reciprocity,Social Proof,0.18946714179600002
S1,S1,LLM,R-SP,Reciprocity,Social Proof,0.076940635926
S1,S1,LLM,R-SP,Reciprocity,Social Proof,0.064091611805
S1,S1,LLM,R-SP,Reciprocity,Social Proof,0.06971752809599999
S1,S1,LLM,R-SP,Reciprocity,Social Proof,0.3173475925440001
S1,S1,LLM,R-SP,Reciprocity,Social Proof,0.29965133469999994
S1,S1,LLM,R-SP,Reciprocity,Social Proof,0.809125219386
S1,S1,LLM,R-SP,Reciprocity,Social Proof,0.35970292987200003
S1,S1,LLM,R-SP,Reciprocity,Social Proof,0.195658372404
S1,S1,LLM,R-SP,Reciprocity,Social Proof,0.239442388316
S1,S1,LLM,R-SP,Reciprocity,Social Proof,0.031652422218
S1,S1,LLM,R-SP,Reciprocity,Social Proof,0.033601833612
S1,S1,LLM,R-SP,Reciprocity,Social Proof,0.17913653750400002
S1,S1,LLM,R-SP,Reciprocity,Social Proof,0.10151096756799999
S1,S1,LLM,R-SP,Reciprocity,Social Proof,0.150128499777
S1,S1,LLM,R-SP,Reciprocity,Social Proof,0.133811276075
S1,S1,LLM,SP-SP,Social Proof,Social Proof,0.075593653249
S1,S1,LLM,SP-SP,Social Proof,Social Proof,0.048907764800999995
S1,S1,LLM,SP-SP,Social Proof,Social Proof,0.06293676038399999
S1,S1,LLM,SP-SP,Social Proof,Social Proof,0.08001656838400001
S1,S1,LLM,SP-SP,Social Proof,Social Proof,0.077990615824
S1,S1,LLM,SP-SP,Social Proof,Social Proof,0.027584891569000004
S1,S1,LLM,SP-SP,Social Proof,Social Proof,0.038148730489
S1,S1,LLM,SP-SP,Social Proof,Social Proof,0.057954303169
S1,S1,LLM,SP-SP,Social Proof,Social Proof,0.018316915599999997
S1,S1,LLM,SP-SP,Social Proof,Social Proof,0.060729716355999996
S1,S1,LLM,SP-SP,Social Proof,Social Proof,0.08368696836900001
S1,S1,LLM,SP-SP,Social Proof,Social Proof,0.12220897305600001
S1,S1,LLM,SP-SP,Social Proof,Social Proof,0.039190141225
S1,S1,LLM,SP-SP,Social Proof,Social Proof,0.143434897984
S1,S1,LLM,SP-SP,Social Proof,Social Proof,0.09982819393600001
S1,S1,LLM,SP-SP,Social Proof,Social Proof,0.030275304004000005
S1,S1,LLM,SP-SP,Social Proof,Social Proof,0.1093029721
S1,S1,LLM,SP-SP,Social Proof,Social Proof,0.03302870064400001
S1,S1,LLM,SP-SP,Social Proof,Social Proof,0.026627386040999998
S1,S1,LLM,SP-SP,Social Proof,Social Proof,0.06687654602499998
S1,S1,LLM,SP-SP,Social Proof,Social Proof,0.10699833523600001
S1,S1,LLM,SP-SP,Social Proof,Social Proof,0.10228099459599999
S1,S1,LLM,SP-SP,Social Proof,Social Proof,0.08769771504400001
S1,S1,LLM,SP-SP,Social Proof,Social Proof,0.015109818084
S1,S1,LLM,SP-SP,Social Proof,Social Proof,0.049232509456
S1,S1,LLM,SP-SP,Social Proof,Social Proof,0.178719253504
S1,S1,LLM,SP-SP,Social Proof,Social Proof,0.11217944462400001
S1,S1,LLM,SP-SP,Social Proof,Social Proof,0.4283231272960001
S1,S1,LLM,SP-SP,Social Proof,Social Proof,0.210429543076
S1,S1,LLM,SP-SP,Social Proof,Social Proof,0.008258265624999999
S1,S1,LLM,SP-SP,Social Proof,Social Proof,0.11715149107600002
S1,S1,LLM,SP-SP,Social Proof,Social Proof,0.07729901272900001
S1,S1,LLM,SP-SP,Social Proof,Social Proof,0.082591287769
S1,S1,LLM,SP-SP,Social Proof,Social Proof,0.09099634233599999
S1,S1,LLM,SP-SP,Social Proof,Social Proof,0.3048663096090001
S1,S1,LLM,SP-SP,Social Proof,Social Proof,0.277800676624
S1,S1,LLM,SP-SP,Social Proof,Social Proof,0.7567486275690001
S1,S1,LLM,SP-SP,Social Proof,Social Proof,0.34163557401600003
S1,S1,LLM,SP-SP,Social Proof,Social Proof,0.151272767844
S1,S1,LLM,SP-SP,Social Proof,Social Proof,0.172018392001
S1,S1,LLM,SP-SP,Social Proof,Social Proof,0.047558450241
S1,S1,LLM,SP-SP,Social Proof,Social Proof,0.042897451689
S1,S1,LLM,SP-SP,Social Proof,Social Proof,0.127426153024
S1,S1,LLM,SP-SP,Social Proof,Social Proof,0.136243668544
S1,S1,LLM,SP-SP,Social Proof,Social Proof,0.09279395364099999
S1,S1,LLM,SP-SP,Social Proof,Social Proof,0.073454550625
