row_number,source_path,source_row_number,dataset_name,subject,label,data_source,content_length,spamassassin_prediction,spamassassin_status_header,spamassassin_flag_header,spamassassin_score,spamassassin_required_score,spamassassin_tests,spamassassin_error
1,/scratch3/che489/FC-W2-SoK/ssc_LLM_phishing_survey/Detectors/Industry/email_detectors/output/logs/tmp/s2-gd_detector_suite_h8j2sb7t/spamassassin_000501_000600/chunk_input.csv,1,spamassassin_000501_000600_chunk_input,Please visit our security center immediately.,1,phishpuzzer,1261,1,"Yes, score=7.5 required=5.0 tests=DOS_BODY_HIGH_NO_MID,	MISSING_DATE,MISSING_MID,NO_RECEIVED,NO_RELAYS,TVD_PH_SEC	autolearn=disabled version=4.0.2",YES,7.5,5.0,"DOS_BODY_HIGH_NO_MID,	MISSING_DATE,MISSING_MID,NO_RECEIVED,NO_RELAYS,TVD_PH_SEC	autolearn=disabled",
2,/scratch3/che489/FC-W2-SoK/ssc_LLM_phishing_survey/Detectors/Industry/email_detectors/output/logs/tmp/s2-gd_detector_suite_h8j2sb7t/spamassassin_000501_000600/chunk_input.csv,2,spamassassin_000501_000600_chunk_input,Urgent-Email Password Update!!!,1,nazario,379,1,"Yes, score=8.4 required=5.0 tests=DOS_BODY_HIGH_NO_MID,	MISSING_DATE,MISSING_MID,NO_RECEIVED,NO_RELAYS,SHY_OBFU_PASSWORD	autolearn=disabled version=4.0.2",YES,8.4,5.0,"DOS_BODY_HIGH_NO_MID,	MISSING_DATE,MISSING_MID,NO_RECEIVED,NO_RELAYS,SHY_OBFU_PASSWORD	autolearn=disabled",
3,/scratch3/che489/FC-W2-SoK/ssc_LLM_phishing_survey/Detectors/Industry/email_detectors/output/logs/tmp/s2-gd_detector_suite_h8j2sb7t/spamassassin_000501_000600/chunk_input.csv,3,spamassassin_000501_000600_chunk_input,Missing Investment Information,0,tobiasbuek,45,0,"No, score=3.3 required=5.0 tests=MISSING_DATE,MISSING_MID,	NO_RECEIVED,NO_RELAYS autolearn=disabled version=4.0.2",,3.3,5.0,"MISSING_DATE,MISSING_MID,	NO_RECEIVED,NO_RELAYS",
4,/scratch3/che489/FC-W2-SoK/ssc_LLM_phishing_survey/Detectors/Industry/email_detectors/output/logs/tmp/s2-gd_detector_suite_h8j2sb7t/spamassassin_000501_000600/chunk_input.csv,4,spamassassin_000501_000600_chunk_input,Jetzt haben Sie die Chance einen ���500 Netto-Guitschein zugewinnen!,1,phishing_pot,6809,1,"Yes, score=7.4 required=5.0 tests=DOS_BODY_HIGH_NO_MID,	MISSING_DATE,MISSING_MID,NO_RECEIVED,NO_RELAYS autolearn=disabled	version=4.0.2",YES,7.4,5.0,"DOS_BODY_HIGH_NO_MID,	MISSING_DATE,MISSING_MID,NO_RECEIVED,NO_RELAYS",
5,/scratch3/che489/FC-W2-SoK/ssc_LLM_phishing_survey/Detectors/Industry/email_detectors/output/logs/tmp/s2-gd_detector_suite_h8j2sb7t/spamassassin_000501_000600/chunk_input.csv,5,spamassassin_000501_000600_chunk_input,Microsoft account unusual signin activity,1,phishing_pot,12040,0,"No, score=3.3 required=5.0 tests=MISSING_DATE,MISSING_MID,	NO_RECEIVED,NO_RELAYS autolearn=disabled version=4.0.2",,3.3,5.0,"MISSING_DATE,MISSING_MID,	NO_RECEIVED,NO_RELAYS",
6,/scratch3/che489/FC-W2-SoK/ssc_LLM_phishing_survey/Detectors/Industry/email_detectors/output/logs/tmp/s2-gd_detector_suite_h8j2sb7t/spamassassin_000501_000600/chunk_input.csv,6,spamassassin_000501_000600_chunk_input,Approval needed: Special pricing,0,uberjugaad,180,0,"No, score=3.3 required=5.0 tests=LOTS_OF_MONEY,MISSING_DATE,	MISSING_MID,NO_RECEIVED,NO_RELAYS autolearn=disabled version=4.0.2",,3.3,5.0,"LOTS_OF_MONEY,MISSING_DATE,	MISSING_MID,NO_RECEIVED,NO_RELAYS",
7,/scratch3/che489/FC-W2-SoK/ssc_LLM_phishing_survey/Detectors/Industry/email_detectors/output/logs/tmp/s2-gd_detector_suite_h8j2sb7t/spamassassin_000501_000600/chunk_input.csv,7,spamassassin_000501_000600_chunk_input,Ontdek hoeveel u kunt besparen met de Gemeentechecker!,1,phishing_pot,12054,0,"No, score=3.3 required=5.0 tests=MISSING_DATE,MISSING_MID,	NO_RECEIVED,NO_RELAYS autolearn=disabled version=4.0.2",,3.3,5.0,"MISSING_DATE,MISSING_MID,	NO_RECEIVED,NO_RELAYS",
8,/scratch3/che489/FC-W2-SoK/ssc_LLM_phishing_survey/Detectors/Industry/email_detectors/output/logs/tmp/s2-gd_detector_suite_h8j2sb7t/spamassassin_000501_000600/chunk_input.csv,8,spamassassin_000501_000600_chunk_input,Monkey Final warning : Password Expired Notice,1,nazario,160,0,"No, score=3.3 required=5.0 tests=MISSING_DATE,MISSING_MID,	NO_RECEIVED,NO_RELAYS autolearn=disabled version=4.0.2",,3.3,5.0,"MISSING_DATE,MISSING_MID,	NO_RECEIVED,NO_RELAYS",
9,/scratch3/che489/FC-W2-SoK/ssc_LLM_phishing_survey/Detectors/Industry/email_detectors/output/logs/tmp/s2-gd_detector_suite_h8j2sb7t/spamassassin_000501_000600/chunk_input.csv,9,spamassassin_000501_000600_chunk_input,"PO Approval Required: €50,050",0,uberjugaad,188,0,"No, score=3.3 required=5.0 tests=LOTS_OF_MONEY,MISSING_DATE,	MISSING_MID,NO_RECEIVED,NO_RELAYS autolearn=disabled version=4.0.2",,3.3,5.0,"LOTS_OF_MONEY,MISSING_DATE,	MISSING_MID,NO_RECEIVED,NO_RELAYS",
10,/scratch3/che489/FC-W2-SoK/ssc_LLM_phishing_survey/Detectors/Industry/email_detectors/output/logs/tmp/s2-gd_detector_suite_h8j2sb7t/spamassassin_000501_000600/chunk_input.csv,10,spamassassin_000501_000600_chunk_input,"Aviso, Mercadoria Retida.",1,phishing_pot,6540,1,"Yes, score=10.4 required=5.0 tests=DOS_BODY_HIGH_NO_MID,	MANY_SPAN_IN_TEXT,MISSING_DATE,MISSING_MID,NO_RECEIVED,NO_RELAYS,	PDS_OTHER_BAD_TLD autolearn=disabled version=4.0.2",YES,10.4,5.0,"DOS_BODY_HIGH_NO_MID,	MANY_SPAN_IN_TEXT,MISSING_DATE,MISSING_MID,NO_RECEIVED,NO_RELAYS,	PDS_OTHER_BAD_TLD",
11,/scratch3/che489/FC-W2-SoK/ssc_LLM_phishing_survey/Detectors/Industry/email_detectors/output/logs/tmp/s2-gd_detector_suite_h8j2sb7t/spamassassin_000501_000600/chunk_input.csv,11,spamassassin_000501_000600_chunk_input,Geile M��dchen warten auf dich,1,phishing_pot,12030,1,"Yes, score=7.5 required=5.0 tests=DOS_BODY_HIGH_NO_MID,	MISSING_DATE,MISSING_MID,NORMAL_HTTP_TO_IP,NO_RECEIVED,NO_RELAYS	autolearn=disabled version=4.0.2",YES,7.5,5.0,"DOS_BODY_HIGH_NO_MID,	MISSING_DATE,MISSING_MID,NORMAL_HTTP_TO_IP,NO_RECEIVED,NO_RELAYS	autolearn=disabled",
12,/scratch3/che489/FC-W2-SoK/ssc_LLM_phishing_survey/Detectors/Industry/email_detectors/output/logs/tmp/s2-gd_detector_suite_h8j2sb7t/spamassassin_000501_000600/chunk_input.csv,12,spamassassin_000501_000600_chunk_input,Complete Your Compliance Training,0,uberjugaad,207,0,"No, score=3.3 required=5.0 tests=MISSING_DATE,MISSING_MID,	NO_RECEIVED,NO_RELAYS autolearn=disabled version=4.0.2",,3.3,5.0,"MISSING_DATE,MISSING_MID,	NO_RECEIVED,NO_RELAYS",
13,/scratch3/che489/FC-W2-SoK/ssc_LLM_phishing_survey/Detectors/Industry/email_detectors/output/logs/tmp/s2-gd_detector_suite_h8j2sb7t/spamassassin_000501_000600/chunk_input.csv,13,spamassassin_000501_000600_chunk_input,PayPal. Account Limited Notification,1,phishpuzzer,563,0,"No, score=4.3 required=5.0 tests=FUZZY_PAYPAL,MISSING_DATE,	MISSING_MID,NO_RECEIVED,NO_RELAYS,TVD_PH_BODY_ACCOUNTS_PRE	autolearn=disabled version=4.0.2",,4.3,5.0,"FUZZY_PAYPAL,MISSING_DATE,	MISSING_MID,NO_RECEIVED,NO_RELAYS,TVD_PH_BODY_ACCOUNTS_PRE	autolearn=disabled",
14,/scratch3/che489/FC-W2-SoK/ssc_LLM_phishing_survey/Detectors/Industry/email_detectors/output/logs/tmp/s2-gd_detector_suite_h8j2sb7t/spamassassin_000501_000600/chunk_input.csv,14,spamassassin_000501_000600_chunk_input,Tonight's Star Headlines,1,phishpuzzer,2918,1,"Yes, score=7.4 required=5.0 tests=DOS_BODY_HIGH_NO_MID,	MISSING_DATE,MISSING_MID,NO_RECEIVED,NO_RELAYS autolearn=disabled	version=4.0.2",YES,7.4,5.0,"DOS_BODY_HIGH_NO_MID,	MISSING_DATE,MISSING_MID,NO_RECEIVED,NO_RELAYS",
15,/scratch3/che489/FC-W2-SoK/ssc_LLM_phishing_survey/Detectors/Industry/email_detectors/output/logs/tmp/s2-gd_detector_suite_h8j2sb7t/spamassassin_000501_000600/chunk_input.csv,15,spamassassin_000501_000600_chunk_input,Regions Bank: urgent notification from corporate customer cervice! (message id: PM7940129),1,phishyai-phishing,92,0,"No, score=3.3 required=5.0 tests=MISSING_DATE,MISSING_MID,	NO_RECEIVED,NO_RELAYS autolearn=disabled version=4.0.2",,3.3,5.0,"MISSING_DATE,MISSING_MID,	NO_RECEIVED,NO_RELAYS",
16,/scratch3/che489/FC-W2-SoK/ssc_LLM_phishing_survey/Detectors/Industry/email_detectors/output/logs/tmp/s2-gd_detector_suite_h8j2sb7t/spamassassin_000501_000600/chunk_input.csv,16,spamassassin_000501_000600_chunk_input,Irregular Data Analysis Outcomes,0,tobiasbuek,283,0,"No, score=3.3 required=5.0 tests=MISSING_DATE,MISSING_MID,	NO_RECEIVED,NO_RELAYS autolearn=disabled version=4.0.2",,3.3,5.0,"MISSING_DATE,MISSING_MID,	NO_RECEIVED,NO_RELAYS",
17,/scratch3/che489/FC-W2-SoK/ssc_LLM_phishing_survey/Detectors/Industry/email_detectors/output/logs/tmp/s2-gd_detector_suite_h8j2sb7t/spamassassin_000501_000600/chunk_input.csv,17,spamassassin_000501_000600_chunk_input,"[Spambayes-checkins] spambayes/spambayes CorePlugin.py, 1.1.2.3, 1.1.2.4 XMLRPCPlugin.py, 1.1.2.9, 1.1.2.10",0,phishpuzzer,2449,0,"No, score=3.8 required=5.0 tests=MISSING_DATE,MISSING_MID,	NO_RECEIVED,NO_RELAYS,URI_NOVOWEL autolearn=disabled version=4.0.2",,3.8,5.0,"MISSING_DATE,MISSING_MID,	NO_RECEIVED,NO_RELAYS,URI_NOVOWEL",
18,/scratch3/che489/FC-W2-SoK/ssc_LLM_phishing_survey/Detectors/Industry/email_detectors/output/logs/tmp/s2-gd_detector_suite_h8j2sb7t/spamassassin_000501_000600/chunk_input.csv,18,spamassassin_000501_000600_chunk_input,"phishing@pot ! Vous avez gagn�� un aspirateur Silvercrest ,Veuillez confirmer le re��u",1,phishing_pot,9654,1,"Yes, score=7.4 required=5.0 tests=DOS_BODY_HIGH_NO_MID,	MISSING_DATE,MISSING_MID,NO_RECEIVED,NO_RELAYS autolearn=disabled	version=4.0.2",YES,7.4,5.0,"DOS_BODY_HIGH_NO_MID,	MISSING_DATE,MISSING_MID,NO_RECEIVED,NO_RELAYS",
19,/scratch3/che489/FC-W2-SoK/ssc_LLM_phishing_survey/Detectors/Industry/email_detectors/output/logs/tmp/s2-gd_detector_suite_h8j2sb7t/spamassassin_000501_000600/chunk_input.csv,19,spamassassin_000501_000600_chunk_input,Detailed Information on Scalable SaaS Project Management,0,tobiasbuek,167,0,"No, score=3.3 required=5.0 tests=MISSING_DATE,MISSING_MID,	NO_RECEIVED,NO_RELAYS autolearn=disabled version=4.0.2",,3.3,5.0,"MISSING_DATE,MISSING_MID,	NO_RECEIVED,NO_RELAYS",
20,/scratch3/che489/FC-W2-SoK/ssc_LLM_phishing_survey/Detectors/Industry/email_detectors/output/logs/tmp/s2-gd_detector_suite_h8j2sb7t/spamassassin_000501_000600/chunk_input.csv,20,spamassassin_000501_000600_chunk_input,"FW: Fifth Third Bank: please confirm your information. -Mon, 15 Jan 2007 00:25:57 -0000",1,phishyai-phishing,91,0,"No, score=3.3 required=5.0 tests=MISSING_DATE,MISSING_MID,	NO_RECEIVED,NO_RELAYS autolearn=disabled version=4.0.2",,3.3,5.0,"MISSING_DATE,MISSING_MID,	NO_RECEIVED,NO_RELAYS",
21,/scratch3/che489/FC-W2-SoK/ssc_LLM_phishing_survey/Detectors/Industry/email_detectors/output/logs/tmp/s2-gd_detector_suite_h8j2sb7t/spamassassin_000501_000600/chunk_input.csv,21,spamassassin_000501_000600_chunk_input,Authenticate Your Access to jose@monkey.org,1,phishpuzzer,612,1,"Yes, score=7.4 required=5.0 tests=DOS_BODY_HIGH_NO_MID,	MISSING_DATE,MISSING_MID,NO_RECEIVED,NO_RELAYS autolearn=disabled	version=4.0.2",YES,7.4,5.0,"DOS_BODY_HIGH_NO_MID,	MISSING_DATE,MISSING_MID,NO_RECEIVED,NO_RELAYS",
22,/scratch3/che489/FC-W2-SoK/ssc_LLM_phishing_survey/Detectors/Industry/email_detectors/output/logs/tmp/s2-gd_detector_suite_h8j2sb7t/spamassassin_000501_000600/chunk_input.csv,22,spamassassin_000501_000600_chunk_input,Re: Urgent Issue: High Latency with Our New API on Aetheros Platform,0,rtweera,589,0,"No, score=3.3 required=5.0 tests=MISSING_DATE,MISSING_MID,	NO_RECEIVED,NO_RELAYS autolearn=disabled version=4.0.2",,3.3,5.0,"MISSING_DATE,MISSING_MID,	NO_RECEIVED,NO_RELAYS",
23,/scratch3/che489/FC-W2-SoK/ssc_LLM_phishing_survey/Detectors/Industry/email_detectors/output/logs/tmp/s2-gd_detector_suite_h8j2sb7t/spamassassin_000501_000600/chunk_input.csv,23,spamassassin_000501_000600_chunk_input,Your account has been flagged for unusual activity,1,phishing_pot,12050,0,"No, score=3.3 required=5.0 tests=MISSING_DATE,MISSING_MID,	NO_RECEIVED,NO_RELAYS autolearn=disabled version=4.0.2",,3.3,5.0,"MISSING_DATE,MISSING_MID,	NO_RECEIVED,NO_RELAYS",
24,/scratch3/che489/FC-W2-SoK/ssc_LLM_phishing_survey/Detectors/Industry/email_detectors/output/logs/tmp/s2-gd_detector_suite_h8j2sb7t/spamassassin_000501_000600/chunk_input.csv,24,spamassassin_000501_000600_chunk_input,Achtung phishing@pot: Ihr Total AV-Abonnement l��uft heute ab!,1,phishing_pot,4252,1,"Yes, score=7.4 required=5.0 tests=DOS_BODY_HIGH_NO_MID,	MISSING_DATE,MISSING_MID,NO_RECEIVED,NO_RELAYS autolearn=disabled	version=4.0.2",YES,7.4,5.0,"DOS_BODY_HIGH_NO_MID,	MISSING_DATE,MISSING_MID,NO_RECEIVED,NO_RELAYS",
25,/scratch3/che489/FC-W2-SoK/ssc_LLM_phishing_survey/Detectors/Industry/email_detectors/output/logs/tmp/s2-gd_detector_suite_h8j2sb7t/spamassassin_000501_000600/chunk_input.csv,25,spamassassin_000501_000600_chunk_input,Technical Glitch Impairing Brand Expansion,0,tobiasbuek,419,0,"No, score=3.3 required=5.0 tests=MISSING_DATE,MISSING_MID,	NO_RECEIVED,NO_RELAYS autolearn=disabled version=4.0.2",,3.3,5.0,"MISSING_DATE,MISSING_MID,	NO_RECEIVED,NO_RELAYS",
26,/scratch3/che489/FC-W2-SoK/ssc_LLM_phishing_survey/Detectors/Industry/email_detectors/output/logs/tmp/s2-gd_detector_suite_h8j2sb7t/spamassassin_000501_000600/chunk_input.csv,26,spamassassin_000501_000600_chunk_input,Question about Item -- Respond Now,1,phishyai-phishing,2080,0,"No, score=3.3 required=5.0 tests=MISSING_DATE,MISSING_MID,	NO_RECEIVED,NO_RELAYS autolearn=disabled version=4.0.2",,3.3,5.0,"MISSING_DATE,MISSING_MID,	NO_RECEIVED,NO_RELAYS",
27,/scratch3/che489/FC-W2-SoK/ssc_LLM_phishing_survey/Detectors/Industry/email_detectors/output/logs/tmp/s2-gd_detector_suite_h8j2sb7t/spamassassin_000501_000600/chunk_input.csv,27,spamassassin_000501_000600_chunk_input,Your Emails cannot be sent,1,nazario,380,1,"Yes, score=7.4 required=5.0 tests=DOS_BODY_HIGH_NO_MID,	MISSING_DATE,MISSING_MID,NO_RECEIVED,NO_RELAYS autolearn=disabled	version=4.0.2",YES,7.4,5.0,"DOS_BODY_HIGH_NO_MID,	MISSING_DATE,MISSING_MID,NO_RECEIVED,NO_RELAYS",
28,/scratch3/che489/FC-W2-SoK/ssc_LLM_phishing_survey/Detectors/Industry/email_detectors/output/logs/tmp/s2-gd_detector_suite_h8j2sb7t/spamassassin_000501_000600/chunk_input.csv,28,spamassassin_000501_000600_chunk_input,Kyle just blogged: Classes Update - It's an Artificial Intelligence World!,1,phishpuzzer,703,0,"No, score=3.3 required=5.0 tests=MISSING_DATE,MISSING_MID,	NO_RECEIVED,NO_RELAYS autolearn=disabled version=4.0.2",,3.3,5.0,"MISSING_DATE,MISSING_MID,	NO_RECEIVED,NO_RELAYS",
29,/scratch3/che489/FC-W2-SoK/ssc_LLM_phishing_survey/Detectors/Industry/email_detectors/output/logs/tmp/s2-gd_detector_suite_h8j2sb7t/spamassassin_000501_000600/chunk_input.csv,29,spamassassin_000501_000600_chunk_input,high risk,1,phishpuzzer,281,1,"Yes, score=7.4 required=5.0 tests=DOS_BODY_HIGH_NO_MID,	MISSING_DATE,MISSING_MID,NO_RECEIVED,NO_RELAYS autolearn=disabled	version=4.0.2",YES,7.4,5.0,"DOS_BODY_HIGH_NO_MID,	MISSING_DATE,MISSING_MID,NO_RECEIVED,NO_RELAYS",
30,/scratch3/che489/FC-W2-SoK/ssc_LLM_phishing_survey/Detectors/Industry/email_detectors/output/logs/tmp/s2-gd_detector_suite_h8j2sb7t/spamassassin_000501_000600/chunk_input.csv,30,spamassassin_000501_000600_chunk_input,Re: Overdue: Customer 502207060,0,uberjugaad,95,0,"No, score=3.3 required=5.0 tests=MISSING_DATE,MISSING_MID,	NO_RECEIVED,NO_RELAYS autolearn=disabled version=4.0.2",,3.3,5.0,"MISSING_DATE,MISSING_MID,	NO_RECEIVED,NO_RELAYS",
31,/scratch3/che489/FC-W2-SoK/ssc_LLM_phishing_survey/Detectors/Industry/email_detectors/output/logs/tmp/s2-gd_detector_suite_h8j2sb7t/spamassassin_000501_000600/chunk_input.csv,31,spamassassin_000501_000600_chunk_input,Immediate Verification Needed – Secure Your Assets,1,phishing_pot,985,0,"No, score=3.3 required=5.0 tests=MISSING_DATE,MISSING_MID,	NO_RECEIVED,NO_RELAYS autolearn=disabled version=4.0.2",,3.3,5.0,"MISSING_DATE,MISSING_MID,	NO_RECEIVED,NO_RELAYS",
32,/scratch3/che489/FC-W2-SoK/ssc_LLM_phishing_survey/Detectors/Industry/email_detectors/output/logs/tmp/s2-gd_detector_suite_h8j2sb7t/spamassassin_000501_000600/chunk_input.csv,32,spamassassin_000501_000600_chunk_input,Pipeline Update - January 15,0,uberjugaad,222,0,"No, score=3.3 required=5.0 tests=LOTS_OF_MONEY,MISSING_DATE,	MISSING_MID,NO_RECEIVED,NO_RELAYS autolearn=disabled version=4.0.2",,3.3,5.0,"LOTS_OF_MONEY,MISSING_DATE,	MISSING_MID,NO_RECEIVED,NO_RELAYS",
33,/scratch3/che489/FC-W2-SoK/ssc_LLM_phishing_survey/Detectors/Industry/email_detectors/output/logs/tmp/s2-gd_detector_suite_h8j2sb7t/spamassassin_000501_000600/chunk_input.csv,33,spamassassin_000501_000600_chunk_input,Pipeline Update - February 07,0,uberjugaad,222,0,"No, score=3.3 required=5.0 tests=LOTS_OF_MONEY,MISSING_DATE,	MISSING_MID,NO_RECEIVED,NO_RELAYS autolearn=disabled version=4.0.2",,3.3,5.0,"LOTS_OF_MONEY,MISSING_DATE,	MISSING_MID,NO_RECEIVED,NO_RELAYS",
34,/scratch3/che489/FC-W2-SoK/ssc_LLM_phishing_survey/Detectors/Industry/email_detectors/output/logs/tmp/s2-gd_detector_suite_h8j2sb7t/spamassassin_000501_000600/chunk_input.csv,34,spamassassin_000501_000600_chunk_input,Re: [opensuse] openSUSE and faxes,0,phishpuzzer,895,1,"Yes, score=7.4 required=5.0 tests=DOS_BODY_HIGH_NO_MID,	MISSING_DATE,MISSING_MID,NO_RECEIVED,NO_RELAYS autolearn=disabled	version=4.0.2",YES,7.4,5.0,"DOS_BODY_HIGH_NO_MID,	MISSING_DATE,MISSING_MID,NO_RECEIVED,NO_RELAYS",
35,/scratch3/che489/FC-W2-SoK/ssc_LLM_phishing_survey/Detectors/Industry/email_detectors/output/logs/tmp/s2-gd_detector_suite_h8j2sb7t/spamassassin_000501_000600/chunk_input.csv,35,spamassassin_000501_000600_chunk_input,"Hi ,",1,phishyai-gmail,74,0,"No, score=3.3 required=5.0 tests=MISSING_DATE,MISSING_MID,	NO_RECEIVED,NO_RELAYS autolearn=disabled version=4.0.2",,3.3,5.0,"MISSING_DATE,MISSING_MID,	NO_RECEIVED,NO_RELAYS",
36,/scratch3/che489/FC-W2-SoK/ssc_LLM_phishing_survey/Detectors/Industry/email_detectors/output/logs/tmp/s2-gd_detector_suite_h8j2sb7t/spamassassin_000501_000600/chunk_input.csv,36,spamassassin_000501_000600_chunk_input,"Fifth Third Bank Online [Mon, 18 Sep 2006 16:02:07 -0500]",1,phishyai-phishing,61,0,"No, score=3.3 required=5.0 tests=MISSING_DATE,MISSING_MID,	NO_RECEIVED,NO_RELAYS autolearn=disabled version=4.0.2",,3.3,5.0,"MISSING_DATE,MISSING_MID,	NO_RECEIVED,NO_RELAYS",
37,/scratch3/che489/FC-W2-SoK/ssc_LLM_phishing_survey/Detectors/Industry/email_detectors/output/logs/tmp/s2-gd_detector_suite_h8j2sb7t/spamassassin_000501_000600/chunk_input.csv,37,spamassassin_000501_000600_chunk_input,Issue with Project Data Synchronization,0,tobiasbuek,789,1,"Yes, score=5.0 required=5.0 tests=MISSING_DATE,MISSING_MID,	NO_RECEIVED,NO_RELAYS,URG_BIZ autolearn=disabled version=4.0.2",YES,5.0,5.0,"MISSING_DATE,MISSING_MID,	NO_RECEIVED,NO_RELAYS,URG_BIZ",
38,/scratch3/che489/FC-W2-SoK/ssc_LLM_phishing_survey/Detectors/Industry/email_detectors/output/logs/tmp/s2-gd_detector_suite_h8j2sb7t/spamassassin_000501_000600/chunk_input.csv,38,spamassassin_000501_000600_chunk_input,Geile M��dchen warten auf dich,1,phishing_pot,12030,1,"Yes, score=7.4 required=5.0 tests=DOS_BODY_HIGH_NO_MID,	MISSING_DATE,MISSING_MID,NO_RECEIVED,NO_RELAYS autolearn=disabled	version=4.0.2",YES,7.4,5.0,"DOS_BODY_HIGH_NO_MID,	MISSING_DATE,MISSING_MID,NO_RECEIVED,NO_RELAYS",
39,/scratch3/che489/FC-W2-SoK/ssc_LLM_phishing_survey/Detectors/Industry/email_detectors/output/logs/tmp/s2-gd_detector_suite_h8j2sb7t/spamassassin_000501_000600/chunk_input.csv,39,spamassassin_000501_000600_chunk_input,Data Analytics Dashboard Encountered a Sudden Malfunction,0,tobiasbuek,683,0,"No, score=3.3 required=5.0 tests=MISSING_DATE,MISSING_MID,	NO_RECEIVED,NO_RELAYS autolearn=disabled version=4.0.2",,3.3,5.0,"MISSING_DATE,MISSING_MID,	NO_RECEIVED,NO_RELAYS",
40,/scratch3/che489/FC-W2-SoK/ssc_LLM_phishing_survey/Detectors/Industry/email_detectors/output/logs/tmp/s2-gd_detector_suite_h8j2sb7t/spamassassin_000501_000600/chunk_input.csv,40,spamassassin_000501_000600_chunk_input,"""Get the Perfect Smile You've Always Wanted - Limited Time Offer on SmilePerfect!""",1,phishing_pot,660,1,"Yes, score=7.5 required=5.0 tests=DOS_BODY_HIGH_NO_MID,	MISSING_DATE,MISSING_MID,NORMAL_HTTP_TO_IP,NO_RECEIVED,NO_RELAYS	autolearn=disabled version=4.0.2",YES,7.5,5.0,"DOS_BODY_HIGH_NO_MID,	MISSING_DATE,MISSING_MID,NORMAL_HTTP_TO_IP,NO_RECEIVED,NO_RELAYS	autolearn=disabled",
41,/scratch3/che489/FC-W2-SoK/ssc_LLM_phishing_survey/Detectors/Industry/email_detectors/output/logs/tmp/s2-gd_detector_suite_h8j2sb7t/spamassassin_000501_000600/chunk_input.csv,41,spamassassin_000501_000600_chunk_input,Student Administrative Support Position: Carnegie Mellon University,1,cmu-archived-phish,429,0,"No, score=4.3 required=5.0 tests=MISSING_DATE,MISSING_MID,	NO_RECEIVED,NO_RELAYS,URI_DOTEDU autolearn=disabled version=4.0.2",,4.3,5.0,"MISSING_DATE,MISSING_MID,	NO_RECEIVED,NO_RELAYS,URI_DOTEDU",
42,/scratch3/che489/FC-W2-SoK/ssc_LLM_phishing_survey/Detectors/Industry/email_detectors/output/logs/tmp/s2-gd_detector_suite_h8j2sb7t/spamassassin_000501_000600/chunk_input.csv,42,spamassassin_000501_000600_chunk_input,Ledger Data Breach,1,phishing_pot,1653,0,"No, score=3.3 required=5.0 tests=MISSING_DATE,MISSING_MID,	NO_RECEIVED,NO_RELAYS autolearn=disabled version=4.0.2",,3.3,5.0,"MISSING_DATE,MISSING_MID,	NO_RECEIVED,NO_RELAYS",
43,/scratch3/che489/FC-W2-SoK/ssc_LLM_phishing_survey/Detectors/Industry/email_detectors/output/logs/tmp/s2-gd_detector_suite_h8j2sb7t/spamassassin_000501_000600/chunk_input.csv,43,spamassassin_000501_000600_chunk_input,Detected Security Breach in Medical Data Systems,0,tobiasbuek,509,0,"No, score=3.3 required=5.0 tests=MISSING_DATE,MISSING_MID,	NO_RECEIVED,NO_RELAYS autolearn=disabled version=4.0.2",,3.3,5.0,"MISSING_DATE,MISSING_MID,	NO_RECEIVED,NO_RELAYS",
44,/scratch3/che489/FC-W2-SoK/ssc_LLM_phishing_survey/Detectors/Industry/email_detectors/output/logs/tmp/s2-gd_detector_suite_h8j2sb7t/spamassassin_000501_000600/chunk_input.csv,44,spamassassin_000501_000600_chunk_input,Health Information Encryption System Encounter Issues,0,tobiasbuek,288,0,"No, score=3.3 required=5.0 tests=MISSING_DATE,MISSING_MID,	NO_RECEIVED,NO_RELAYS autolearn=disabled version=4.0.2",,3.3,5.0,"MISSING_DATE,MISSING_MID,	NO_RECEIVED,NO_RELAYS",
45,/scratch3/che489/FC-W2-SoK/ssc_LLM_phishing_survey/Detectors/Industry/email_detectors/output/logs/tmp/s2-gd_detector_suite_h8j2sb7t/spamassassin_000501_000600/chunk_input.csv,45,spamassassin_000501_000600_chunk_input,Customer Support Ticket,0,tobiasbuek,475,0,"No, score=3.3 required=5.0 tests=MISSING_DATE,MISSING_MID,	NO_RECEIVED,NO_RELAYS autolearn=disabled version=4.0.2",,3.3,5.0,"MISSING_DATE,MISSING_MID,	NO_RECEIVED,NO_RELAYS",
46,/scratch3/che489/FC-W2-SoK/ssc_LLM_phishing_survey/Detectors/Industry/email_detectors/output/logs/tmp/s2-gd_detector_suite_h8j2sb7t/spamassassin_000501_000600/chunk_input.csv,46,spamassassin_000501_000600_chunk_input,Welcome to the Star’s Althia Raj Alerts,1,phishpuzzer,1164,1,"Yes, score=7.4 required=5.0 tests=DOS_BODY_HIGH_NO_MID,	MISSING_DATE,MISSING_MID,NO_RECEIVED,NO_RELAYS autolearn=disabled	version=4.0.2",YES,7.4,5.0,"DOS_BODY_HIGH_NO_MID,	MISSING_DATE,MISSING_MID,NO_RECEIVED,NO_RELAYS",
47,/scratch3/che489/FC-W2-SoK/ssc_LLM_phishing_survey/Detectors/Industry/email_detectors/output/logs/tmp/s2-gd_detector_suite_h8j2sb7t/spamassassin_000501_000600/chunk_input.csv,47,spamassassin_000501_000600_chunk_input,Unlock the Full Potential of Your Timeshare Ownership,1,phishing_pot,650,0,"No, score=3.4 required=5.0 tests=MISSING_DATE,MISSING_MID,	NORMAL_HTTP_TO_IP,NO_RECEIVED,NO_RELAYS autolearn=disabled	version=4.0.2",,3.4,5.0,"MISSING_DATE,MISSING_MID,	NORMAL_HTTP_TO_IP,NO_RECEIVED,NO_RELAYS",
48,/scratch3/che489/FC-W2-SoK/ssc_LLM_phishing_survey/Detectors/Industry/email_detectors/output/logs/tmp/s2-gd_detector_suite_h8j2sb7t/spamassassin_000501_000600/chunk_input.csv,48,spamassassin_000501_000600_chunk_input,Strategies for Enhancing Brand with Technology Products,0,tobiasbuek,1106,0,"No, score=3.3 required=5.0 tests=MISSING_DATE,MISSING_MID,	NO_RECEIVED,NO_RELAYS autolearn=disabled version=4.0.2",,3.3,5.0,"MISSING_DATE,MISSING_MID,	NO_RECEIVED,NO_RELAYS",
49,/scratch3/che489/FC-W2-SoK/ssc_LLM_phishing_survey/Detectors/Industry/email_detectors/output/logs/tmp/s2-gd_detector_suite_h8j2sb7t/spamassassin_000501_000600/chunk_input.csv,49,spamassassin_000501_000600_chunk_input,Atenção: Sua encomenda foi taxada! Protocolo: 95611465.,1,phishing_pot,124,1,"Yes, score=7.4 required=5.0 tests=DOS_BODY_HIGH_NO_MID,	MISSING_DATE,MISSING_MID,NO_RECEIVED,NO_RELAYS autolearn=disabled	version=4.0.2",YES,7.4,5.0,"DOS_BODY_HIGH_NO_MID,	MISSING_DATE,MISSING_MID,NO_RECEIVED,NO_RELAYS",
50,/scratch3/che489/FC-W2-SoK/ssc_LLM_phishing_survey/Detectors/Industry/email_detectors/output/logs/tmp/s2-gd_detector_suite_h8j2sb7t/spamassassin_000501_000600/chunk_input.csv,50,spamassassin_000501_000600_chunk_input,AI Firmware Upgrade,1,phishing_pot,8914,0,"No, score=3.3 required=5.0 tests=MISSING_DATE,MISSING_MID,	NO_RECEIVED,NO_RELAYS autolearn=disabled version=4.0.2",,3.3,5.0,"MISSING_DATE,MISSING_MID,	NO_RECEIVED,NO_RELAYS",
51,/scratch3/che489/FC-W2-SoK/ssc_LLM_phishing_survey/Detectors/Industry/email_detectors/output/logs/tmp/s2-gd_detector_suite_h8j2sb7t/spamassassin_000501_000600/chunk_input.csv,51,spamassassin_000501_000600_chunk_input,[URGENT] Verify Your Trust Wallet.,1,phishing_pot,1468,1,"Yes, score=5.3 required=5.0 tests=FUZZY_TRUSTWALLET,	FUZZY_WALLET,MISSING_DATE,MISSING_MID,NO_RECEIVED,NO_RELAYS	autolearn=disabled version=4.0.2",YES,5.3,5.0,"FUZZY_TRUSTWALLET,	FUZZY_WALLET,MISSING_DATE,MISSING_MID,NO_RECEIVED,NO_RELAYS	autolearn=disabled",
52,/scratch3/che489/FC-W2-SoK/ssc_LLM_phishing_survey/Detectors/Industry/email_detectors/output/logs/tmp/s2-gd_detector_suite_h8j2sb7t/spamassassin_000501_000600/chunk_input.csv,52,spamassassin_000501_000600_chunk_input,Syncing Issues,0,tobiasbuek,369,0,"No, score=3.3 required=5.0 tests=MISSING_DATE,MISSING_MID,	NO_RECEIVED,NO_RELAYS autolearn=disabled version=4.0.2",,3.3,5.0,"MISSING_DATE,MISSING_MID,	NO_RECEIVED,NO_RELAYS",
53,/scratch3/che489/FC-W2-SoK/ssc_LLM_phishing_survey/Detectors/Industry/email_detectors/output/logs/tmp/s2-gd_detector_suite_h8j2sb7t/spamassassin_000501_000600/chunk_input.csv,53,spamassassin_000501_000600_chunk_input,eBay Regular Update *** Update your Information ***,1,phishyai-phishing,53,0,"No, score=3.3 required=5.0 tests=MISSING_DATE,MISSING_MID,	NO_RECEIVED,NO_RELAYS autolearn=disabled version=4.0.2",,3.3,5.0,"MISSING_DATE,MISSING_MID,	NO_RECEIVED,NO_RELAYS",
54,/scratch3/che489/FC-W2-SoK/ssc_LLM_phishing_survey/Detectors/Industry/email_detectors/output/logs/tmp/s2-gd_detector_suite_h8j2sb7t/spamassassin_000501_000600/chunk_input.csv,54,spamassassin_000501_000600_chunk_input,Urgent Barclays security message,1,phishyai-phishing,1041,0,"No, score=3.4 required=5.0 tests=MISSING_DATE,MISSING_MID,	NO_RECEIVED,NO_RELAYS,TVD_PH_BODY_ACCOUNTS_PRE,TVD_PH_SEC	autolearn=disabled version=4.0.2",,3.4,5.0,"MISSING_DATE,MISSING_MID,	NO_RECEIVED,NO_RELAYS,TVD_PH_BODY_ACCOUNTS_PRE,TVD_PH_SEC	autolearn=disabled",
55,/scratch3/che489/FC-W2-SoK/ssc_LLM_phishing_survey/Detectors/Industry/email_detectors/output/logs/tmp/s2-gd_detector_suite_h8j2sb7t/spamassassin_000501_000600/chunk_input.csv,55,spamassassin_000501_000600_chunk_input,Reset Your Password for CMU,1,cmu-archived-phish,369,0,"No, score=4.3 required=5.0 tests=MISSING_DATE,MISSING_MID,	NO_RECEIVED,NO_RELAYS,URI_DOTEDU autolearn=disabled version=4.0.2",,4.3,5.0,"MISSING_DATE,MISSING_MID,	NO_RECEIVED,NO_RELAYS,URI_DOTEDU",
56,/scratch3/che489/FC-W2-SoK/ssc_LLM_phishing_survey/Detectors/Industry/email_detectors/output/logs/tmp/s2-gd_detector_suite_h8j2sb7t/spamassassin_000501_000600/chunk_input.csv,56,spamassassin_000501_000600_chunk_input,High Latency on API Gateway Since Cloud Migration,0,rtweera,689,0,"No, score=3.3 required=5.0 tests=MISSING_DATE,MISSING_MID,	NO_RECEIVED,NO_RELAYS autolearn=disabled version=4.0.2",,3.3,5.0,"MISSING_DATE,MISSING_MID,	NO_RECEIVED,NO_RELAYS",
57,/scratch3/che489/FC-W2-SoK/ssc_LLM_phishing_survey/Detectors/Industry/email_detectors/output/logs/tmp/s2-gd_detector_suite_h8j2sb7t/spamassassin_000501_000600/chunk_input.csv,57,spamassassin_000501_000600_chunk_input,Overdue: Customer 510613757 - 37 days,0,uberjugaad,220,0,"No, score=3.3 required=5.0 tests=LOTS_OF_MONEY,MISSING_DATE,	MISSING_MID,NO_RECEIVED,NO_RELAYS autolearn=disabled version=4.0.2",,3.3,5.0,"LOTS_OF_MONEY,MISSING_DATE,	MISSING_MID,NO_RECEIVED,NO_RELAYS",
58,/scratch3/che489/FC-W2-SoK/ssc_LLM_phishing_survey/Detectors/Industry/email_detectors/output/logs/tmp/s2-gd_detector_suite_h8j2sb7t/spamassassin_000501_000600/chunk_input.csv,58,spamassassin_000501_000600_chunk_input,Technical Issue with Avast SQL Server,0,tobiasbuek,355,0,"No, score=3.3 required=5.0 tests=MISSING_DATE,MISSING_MID,	NO_RECEIVED,NO_RELAYS autolearn=disabled version=4.0.2",,3.3,5.0,"MISSING_DATE,MISSING_MID,	NO_RECEIVED,NO_RELAYS",
59,/scratch3/che489/FC-W2-SoK/ssc_LLM_phishing_survey/Detectors/Industry/email_detectors/output/logs/tmp/s2-gd_detector_suite_h8j2sb7t/spamassassin_000501_000600/chunk_input.csv,59,spamassassin_000501_000600_chunk_input,Rodrigo-f-p 🎉 Claim Your Cashback Airdrop Today 5000USDT ! 🚀,1,phishing_pot,1477,1,"Yes, score=7.4 required=5.0 tests=DOS_BODY_HIGH_NO_MID,	MISSING_DATE,MISSING_MID,NO_RECEIVED,NO_RELAYS autolearn=disabled	version=4.0.2",YES,7.4,5.0,"DOS_BODY_HIGH_NO_MID,	MISSING_DATE,MISSING_MID,NO_RECEIVED,NO_RELAYS",
60,/scratch3/che489/FC-W2-SoK/ssc_LLM_phishing_survey/Detectors/Industry/email_detectors/output/logs/tmp/s2-gd_detector_suite_h8j2sb7t/spamassassin_000501_000600/chunk_input.csv,60,spamassassin_000501_000600_chunk_input,Security Protocols for Medical Data Protection,0,tobiasbuek,689,0,"No, score=3.3 required=5.0 tests=MISSING_DATE,MISSING_MID,	NO_RECEIVED,NO_RELAYS autolearn=disabled version=4.0.2",,3.3,5.0,"MISSING_DATE,MISSING_MID,	NO_RECEIVED,NO_RELAYS",
61,/scratch3/che489/FC-W2-SoK/ssc_LLM_phishing_survey/Detectors/Industry/email_detectors/output/logs/tmp/s2-gd_detector_suite_h8j2sb7t/spamassassin_000501_000600/chunk_input.csv,61,spamassassin_000501_000600_chunk_input,Re: Question about API Development Services,0,rtweera,688,0,"No, score=3.3 required=5.0 tests=MISSING_DATE,MISSING_MID,	NO_RECEIVED,NO_RELAYS autolearn=disabled version=4.0.2",,3.3,5.0,"MISSING_DATE,MISSING_MID,	NO_RECEIVED,NO_RELAYS",
62,/scratch3/che489/FC-W2-SoK/ssc_LLM_phishing_survey/Detectors/Industry/email_detectors/output/logs/tmp/s2-gd_detector_suite_h8j2sb7t/spamassassin_000501_000600/chunk_input.csv,62,spamassassin_000501_000600_chunk_input,[Kraken] Please take a moment to review the latest terms and conditions,1,phishing_pot,433,0,"No, score=3.3 required=5.0 tests=MISSING_DATE,MISSING_MID,	NO_RECEIVED,NO_RELAYS autolearn=disabled version=4.0.2",,3.3,5.0,"MISSING_DATE,MISSING_MID,	NO_RECEIVED,NO_RELAYS",
63,/scratch3/che489/FC-W2-SoK/ssc_LLM_phishing_survey/Detectors/Industry/email_detectors/output/logs/tmp/s2-gd_detector_suite_h8j2sb7t/spamassassin_000501_000600/chunk_input.csv,63,spamassassin_000501_000600_chunk_input,You have won an 170 Piece Stanley Tool Set,1,phishing_pot,8483,1,"Yes, score=6.3 required=5.0 tests=HOSTED_IMG_MULTI_PUB_01,	MISSING_DATE,MISSING_MID,NO_RECEIVED,NO_RELAYS autolearn=disabled	version=4.0.2",YES,6.3,5.0,"HOSTED_IMG_MULTI_PUB_01,	MISSING_DATE,MISSING_MID,NO_RECEIVED,NO_RELAYS",
64,/scratch3/che489/FC-W2-SoK/ssc_LLM_phishing_survey/Detectors/Industry/email_detectors/output/logs/tmp/s2-gd_detector_suite_h8j2sb7t/spamassassin_000501_000600/chunk_input.csv,64,spamassassin_000501_000600_chunk_input,Customer issue: ABC Works Co - Cancelling remaining orders,0,uberjugaad,228,0,"No, score=3.3 required=5.0 tests=MISSING_DATE,MISSING_MID,	NO_RECEIVED,NO_RELAYS autolearn=disabled version=4.0.2",,3.3,5.0,"MISSING_DATE,MISSING_MID,	NO_RECEIVED,NO_RELAYS",
65,/scratch3/che489/FC-W2-SoK/ssc_LLM_phishing_survey/Detectors/Industry/email_detectors/output/logs/tmp/s2-gd_detector_suite_h8j2sb7t/spamassassin_000501_000600/chunk_input.csv,65,spamassassin_000501_000600_chunk_input,Confirm Billing And Credit Card Information,1,phishyai-phishing,45,0,"No, score=3.3 required=5.0 tests=MISSING_DATE,MISSING_MID,	NO_RECEIVED,NO_RELAYS autolearn=disabled version=4.0.2",,3.3,5.0,"MISSING_DATE,MISSING_MID,	NO_RECEIVED,NO_RELAYS",
66,/scratch3/che489/FC-W2-SoK/ssc_LLM_phishing_survey/Detectors/Industry/email_detectors/output/logs/tmp/s2-gd_detector_suite_h8j2sb7t/spamassassin_000501_000600/chunk_input.csv,66,spamassassin_000501_000600_chunk_input,Concerns Regarding Recent Marketing Campaign,0,tobiasbuek,577,0,"No, score=3.3 required=5.0 tests=MISSING_DATE,MISSING_MID,	NO_RECEIVED,NO_RELAYS autolearn=disabled version=4.0.2",,3.3,5.0,"MISSING_DATE,MISSING_MID,	NO_RECEIVED,NO_RELAYS",
67,/scratch3/che489/FC-W2-SoK/ssc_LLM_phishing_survey/Detectors/Industry/email_detectors/output/logs/tmp/s2-gd_detector_suite_h8j2sb7t/spamassassin_000501_000600/chunk_input.csv,67,spamassassin_000501_000600_chunk_input,Issue with Encryption in the System,0,tobiasbuek,263,0,"No, score=3.3 required=5.0 tests=MISSING_DATE,MISSING_MID,	NO_RECEIVED,NO_RELAYS autolearn=disabled version=4.0.2",,3.3,5.0,"MISSING_DATE,MISSING_MID,	NO_RECEIVED,NO_RELAYS",
68,/scratch3/che489/FC-W2-SoK/ssc_LLM_phishing_survey/Detectors/Industry/email_detectors/output/logs/tmp/s2-gd_detector_suite_h8j2sb7t/spamassassin_000501_000600/chunk_input.csv,68,spamassassin_000501_000600_chunk_input,Customer Support Ticket,0,tobiasbuek,281,0,"No, score=3.3 required=5.0 tests=MISSING_DATE,MISSING_MID,	NO_RECEIVED,NO_RELAYS autolearn=disabled version=4.0.2",,3.3,5.0,"MISSING_DATE,MISSING_MID,	NO_RECEIVED,NO_RELAYS",
69,/scratch3/che489/FC-W2-SoK/ssc_LLM_phishing_survey/Detectors/Industry/email_detectors/output/logs/tmp/s2-gd_detector_suite_h8j2sb7t/spamassassin_000501_000600/chunk_input.csv,69,spamassassin_000501_000600_chunk_input,".monkey.org/PaymntStub_Schedule for today Friday, September 10, 2021",1,phishpuzzer,1662,0,"No, score=3.3 required=5.0 tests=MISSING_DATE,MISSING_MID,	NO_RECEIVED,NO_RELAYS autolearn=disabled version=4.0.2",,3.3,5.0,"MISSING_DATE,MISSING_MID,	NO_RECEIVED,NO_RELAYS",
70,/scratch3/che489/FC-W2-SoK/ssc_LLM_phishing_survey/Detectors/Industry/email_detectors/output/logs/tmp/s2-gd_detector_suite_h8j2sb7t/spamassassin_000501_000600/chunk_input.csv,70,spamassassin_000501_000600_chunk_input,Outlook Support Inquiry,0,tobiasbuek,248,0,"No, score=3.3 required=5.0 tests=MISSING_DATE,MISSING_MID,	NO_RECEIVED,NO_RELAYS autolearn=disabled version=4.0.2",,3.3,5.0,"MISSING_DATE,MISSING_MID,	NO_RECEIVED,NO_RELAYS",
71,/scratch3/che489/FC-W2-SoK/ssc_LLM_phishing_survey/Detectors/Industry/email_detectors/output/logs/tmp/s2-gd_detector_suite_h8j2sb7t/spamassassin_000501_000600/chunk_input.csv,71,spamassassin_000501_000600_chunk_input,Failure in Data Encryption on MS Surface Pro 8,0,tobiasbuek,610,0,"No, score=3.3 required=5.0 tests=MISSING_DATE,MISSING_MID,	NO_RECEIVED,NO_RELAYS autolearn=disabled version=4.0.2",,3.3,5.0,"MISSING_DATE,MISSING_MID,	NO_RECEIVED,NO_RELAYS",
72,/scratch3/che489/FC-W2-SoK/ssc_LLM_phishing_survey/Detectors/Industry/email_detectors/output/logs/tmp/s2-gd_detector_suite_h8j2sb7t/spamassassin_000501_000600/chunk_input.csv,72,spamassassin_000501_000600_chunk_input,Is She Your Representative?,1,phishpuzzer,1660,1,"Yes, score=8.2 required=5.0 tests=ADVANCE_FEE_3_NEW_MONEY,	HK_SCAM,LOTS_OF_MONEY,MISSING_DATE,MISSING_MID,NO_RECEIVED,NO_RELAYS	autolearn=disabled version=4.0.2",YES,8.2,5.0,"ADVANCE_FEE_3_NEW_MONEY,	HK_SCAM,LOTS_OF_MONEY,MISSING_DATE,MISSING_MID,NO_RECEIVED,NO_RELAYS	autolearn=disabled",
73,/scratch3/che489/FC-W2-SoK/ssc_LLM_phishing_survey/Detectors/Industry/email_detectors/output/logs/tmp/s2-gd_detector_suite_h8j2sb7t/spamassassin_000501_000600/chunk_input.csv,73,spamassassin_000501_000600_chunk_input,Support Required for Data Breach in Medical Systems,0,tobiasbuek,341,0,"No, score=3.3 required=5.0 tests=MISSING_DATE,MISSING_MID,	NO_RECEIVED,NO_RELAYS autolearn=disabled version=4.0.2",,3.3,5.0,"MISSING_DATE,MISSING_MID,	NO_RECEIVED,NO_RELAYS",
74,/scratch3/che489/FC-W2-SoK/ssc_LLM_phishing_survey/Detectors/Industry/email_detectors/output/logs/tmp/s2-gd_detector_suite_h8j2sb7t/spamassassin_000501_000600/chunk_input.csv,74,spamassassin_000501_000600_chunk_input,RE: [Allstaff] IT Service Notice,1,phishpuzzer,634,1,"Yes, score=7.4 required=5.0 tests=DOS_BODY_HIGH_NO_MID,	MISSING_DATE,MISSING_MID,NO_RECEIVED,NO_RELAYS autolearn=disabled	version=4.0.2",YES,7.4,5.0,"DOS_BODY_HIGH_NO_MID,	MISSING_DATE,MISSING_MID,NO_RECEIVED,NO_RELAYS",
75,/scratch3/che489/FC-W2-SoK/ssc_LLM_phishing_survey/Detectors/Industry/email_detectors/output/logs/tmp/s2-gd_detector_suite_h8j2sb7t/spamassassin_000501_000600/chunk_input.csv,75,spamassassin_000501_000600_chunk_input,Urgent! Je bestelling is niet helemaal goed gegaan!,1,phishing_pot,4541,0,"No, score=3.3 required=5.0 tests=MISSING_DATE,MISSING_MID,	NO_RECEIVED,NO_RELAYS autolearn=disabled version=4.0.2",,3.3,5.0,"MISSING_DATE,MISSING_MID,	NO_RECEIVED,NO_RELAYS",
76,/scratch3/che489/FC-W2-SoK/ssc_LLM_phishing_survey/Detectors/Industry/email_detectors/output/logs/tmp/s2-gd_detector_suite_h8j2sb7t/spamassassin_000501_000600/chunk_input.csv,76,spamassassin_000501_000600_chunk_input,Your email was randomly selected to be a part of the people,1,phishing_pot,1018,1,"Yes, score=6.5 required=5.0 tests=ADVANCE_FEE_2_NEW_MONEY,	LOTS_OF_MONEY,MISSING_DATE,MISSING_MID,MONEY_FRAUD_5,NO_RECEIVED,	NO_RELAYS autolearn=disabled version=4.0.2",YES,6.5,5.0,"ADVANCE_FEE_2_NEW_MONEY,	LOTS_OF_MONEY,MISSING_DATE,MISSING_MID,MONEY_FRAUD_5,NO_RECEIVED,	NO_RELAYS",
77,/scratch3/che489/FC-W2-SoK/ssc_LLM_phishing_survey/Detectors/Industry/email_detectors/output/logs/tmp/s2-gd_detector_suite_h8j2sb7t/spamassassin_000501_000600/chunk_input.csv,77,spamassassin_000501_000600_chunk_input,Find_out_how_to_get_your_Reward!,1,phishing_pot,526,0,"No, score=3.3 required=5.0 tests=MISSING_DATE,MISSING_MID,	NO_RECEIVED,NO_RELAYS autolearn=disabled version=4.0.2",,3.3,5.0,"MISSING_DATE,MISSING_MID,	NO_RECEIVED,NO_RELAYS",
78,/scratch3/che489/FC-W2-SoK/ssc_LLM_phishing_survey/Detectors/Industry/email_detectors/output/logs/tmp/s2-gd_detector_suite_h8j2sb7t/spamassassin_000501_000600/chunk_input.csv,78,spamassassin_000501_000600_chunk_input,Pipeline Update - January 06,0,uberjugaad,225,0,"No, score=3.3 required=5.0 tests=LOTS_OF_MONEY,MISSING_DATE,	MISSING_MID,NO_RECEIVED,NO_RELAYS autolearn=disabled version=4.0.2",,3.3,5.0,"LOTS_OF_MONEY,MISSING_DATE,	MISSING_MID,NO_RECEIVED,NO_RELAYS",
79,/scratch3/che489/FC-W2-SoK/ssc_LLM_phishing_survey/Detectors/Industry/email_detectors/output/logs/tmp/s2-gd_detector_suite_h8j2sb7t/spamassassin_000501_000600/chunk_input.csv,79,spamassassin_000501_000600_chunk_input,-Neuartige Behandlung mit guten Ergebnissen,1,phishing_pot,2378,0,"No, score=3.3 required=5.0 tests=MISSING_DATE,MISSING_MID,	NO_RECEIVED,NO_RELAYS autolearn=disabled version=4.0.2",,3.3,5.0,"MISSING_DATE,MISSING_MID,	NO_RECEIVED,NO_RELAYS",
80,/scratch3/che489/FC-W2-SoK/ssc_LLM_phishing_survey/Detectors/Industry/email_detectors/output/logs/tmp/s2-gd_detector_suite_h8j2sb7t/spamassassin_000501_000600/chunk_input.csv,80,spamassassin_000501_000600_chunk_input,Mercury Language Documentation and API Rate Limiting,0,rtweera,612,0,"No, score=3.3 required=5.0 tests=MISSING_DATE,MISSING_MID,	NO_RECEIVED,NO_RELAYS autolearn=disabled version=4.0.2",,3.3,5.0,"MISSING_DATE,MISSING_MID,	NO_RECEIVED,NO_RELAYS",
81,/scratch3/che489/FC-W2-SoK/ssc_LLM_phishing_survey/Detectors/Industry/email_detectors/output/logs/tmp/s2-gd_detector_suite_h8j2sb7t/spamassassin_000501_000600/chunk_input.csv,81,spamassassin_000501_000600_chunk_input,Request for Information on Integrating Smartsheet Scalable SaaS Project Management,0,tobiasbuek,269,0,"No, score=3.3 required=5.0 tests=MISSING_DATE,MISSING_MID,	NO_RECEIVED,NO_RELAYS autolearn=disabled version=4.0.2",,3.3,5.0,"MISSING_DATE,MISSING_MID,	NO_RECEIVED,NO_RELAYS",
82,/scratch3/che489/FC-W2-SoK/ssc_LLM_phishing_survey/Detectors/Industry/email_detectors/output/logs/tmp/s2-gd_detector_suite_h8j2sb7t/spamassassin_000501_000600/chunk_input.csv,82,spamassassin_000501_000600_chunk_input,MANAGEMENT OFFER,1,phishing_pot,345,0,"No, score=3.8 required=5.0 tests=LOTS_OF_MONEY,MISSING_DATE,	MISSING_MID,NO_RECEIVED,NO_RELAYS,SUBJ_ALL_CAPS autolearn=disabled	version=4.0.2",,3.8,5.0,"LOTS_OF_MONEY,MISSING_DATE,	MISSING_MID,NO_RECEIVED,NO_RELAYS,SUBJ_ALL_CAPS",
83,/scratch3/che489/FC-W2-SoK/ssc_LLM_phishing_survey/Detectors/Industry/email_detectors/output/logs/tmp/s2-gd_detector_suite_h8j2sb7t/spamassassin_000501_000600/chunk_input.csv,83,spamassassin_000501_000600_chunk_input,Notification of Limited Account Access,1,phishyai-phishing,1447,0,"No, score=3.3 required=5.0 tests=MISSING_DATE,MISSING_MID,	NO_RECEIVED,NO_RELAYS autolearn=disabled version=4.0.2",,3.3,5.0,"MISSING_DATE,MISSING_MID,	NO_RECEIVED,NO_RELAYS",
84,/scratch3/che489/FC-W2-SoK/ssc_LLM_phishing_survey/Detectors/Industry/email_detectors/output/logs/tmp/s2-gd_detector_suite_h8j2sb7t/spamassassin_000501_000600/chunk_input.csv,84,spamassassin_000501_000600_chunk_input,Digital Strategy Performance Concerns,0,tobiasbuek,148,0,"No, score=3.3 required=5.0 tests=MISSING_DATE,MISSING_MID,	NO_RECEIVED,NO_RELAYS autolearn=disabled version=4.0.2",,3.3,5.0,"MISSING_DATE,MISSING_MID,	NO_RECEIVED,NO_RELAYS",
85,/scratch3/che489/FC-W2-SoK/ssc_LLM_phishing_survey/Detectors/Industry/email_detectors/output/logs/tmp/s2-gd_detector_suite_h8j2sb7t/spamassassin_000501_000600/chunk_input.csv,85,spamassassin_000501_000600_chunk_input,(5) QUOTATIONS,1,nazario,238,1,"Yes, score=7.8 required=5.0 tests=MISSING_DATE,MISSING_MID,	NO_RECEIVED,NO_RELAYS,SUBJ_ALL_CAPS,URI_PHISH autolearn=disabled	version=4.0.2",YES,7.8,5.0,"MISSING_DATE,MISSING_MID,	NO_RECEIVED,NO_RELAYS,SUBJ_ALL_CAPS,URI_PHISH",
86,/scratch3/che489/FC-W2-SoK/ssc_LLM_phishing_survey/Detectors/Industry/email_detectors/output/logs/tmp/s2-gd_detector_suite_h8j2sb7t/spamassassin_000501_000600/chunk_input.csv,86,spamassassin_000501_000600_chunk_input,Pipeline Update - January 10,0,uberjugaad,223,0,"No, score=3.3 required=5.0 tests=LOTS_OF_MONEY,MISSING_DATE,	MISSING_MID,NO_RECEIVED,NO_RELAYS autolearn=disabled version=4.0.2",,3.3,5.0,"LOTS_OF_MONEY,MISSING_DATE,	MISSING_MID,NO_RECEIVED,NO_RELAYS",
87,/scratch3/che489/FC-W2-SoK/ssc_LLM_phishing_survey/Detectors/Industry/email_detectors/output/logs/tmp/s2-gd_detector_suite_h8j2sb7t/spamassassin_000501_000600/chunk_input.csv,87,spamassassin_000501_000600_chunk_input,STUDENT REMOTE RESEARCH POSITION,1,cornell-phish-bowl,455,0,"No, score=3.8 required=5.0 tests=MISSING_DATE,MISSING_MID,	NO_RECEIVED,NO_RELAYS,SUBJ_ALL_CAPS autolearn=disabled version=4.0.2",,3.8,5.0,"MISSING_DATE,MISSING_MID,	NO_RECEIVED,NO_RELAYS,SUBJ_ALL_CAPS",
88,/scratch3/che489/FC-W2-SoK/ssc_LLM_phishing_survey/Detectors/Industry/email_detectors/output/logs/tmp/s2-gd_detector_suite_h8j2sb7t/spamassassin_000501_000600/chunk_input.csv,88,spamassassin_000501_000600_chunk_input,Customer issue: First Builders Inc - Product specifications do not match requirements,0,uberjugaad,284,0,"No, score=3.3 required=5.0 tests=MISSING_DATE,MISSING_MID,	NO_RECEIVED,NO_RELAYS autolearn=disabled version=4.0.2",,3.3,5.0,"MISSING_DATE,MISSING_MID,	NO_RECEIVED,NO_RELAYS",
89,/scratch3/che489/FC-W2-SoK/ssc_LLM_phishing_survey/Detectors/Industry/email_detectors/output/logs/tmp/s2-gd_detector_suite_h8j2sb7t/spamassassin_000501_000600/chunk_input.csv,89,spamassassin_000501_000600_chunk_input,Overdue: Customer 567543749 - 76 days,0,uberjugaad,221,0,"No, score=3.3 required=5.0 tests=LOTS_OF_MONEY,MISSING_DATE,	MISSING_MID,NO_RECEIVED,NO_RELAYS autolearn=disabled version=4.0.2",,3.3,5.0,"LOTS_OF_MONEY,MISSING_DATE,	MISSING_MID,NO_RECEIVED,NO_RELAYS",
90,/scratch3/che489/FC-W2-SoK/ssc_LLM_phishing_survey/Detectors/Industry/email_detectors/output/logs/tmp/s2-gd_detector_suite_h8j2sb7t/spamassassin_000501_000600/chunk_input.csv,90,spamassassin_000501_000600_chunk_input,Boosting Digital Brand Expansion,0,tobiasbuek,320,0,"No, score=3.3 required=5.0 tests=MISSING_DATE,MISSING_MID,	NO_RECEIVED,NO_RELAYS autolearn=disabled version=4.0.2",,3.3,5.0,"MISSING_DATE,MISSING_MID,	NO_RECEIVED,NO_RELAYS",
91,/scratch3/che489/FC-W2-SoK/ssc_LLM_phishing_survey/Detectors/Industry/email_detectors/output/logs/tmp/s2-gd_detector_suite_h8j2sb7t/spamassassin_000501_000600/chunk_input.csv,91,spamassassin_000501_000600_chunk_input,Report on Data Breach Incident for Customer Support,0,tobiasbuek,405,0,"No, score=3.3 required=5.0 tests=MISSING_DATE,MISSING_MID,	NO_RECEIVED,NO_RELAYS autolearn=disabled version=4.0.2",,3.3,5.0,"MISSING_DATE,MISSING_MID,	NO_RECEIVED,NO_RELAYS",
92,/scratch3/che489/FC-W2-SoK/ssc_LLM_phishing_survey/Detectors/Industry/email_detectors/output/logs/tmp/s2-gd_detector_suite_h8j2sb7t/spamassassin_000501_000600/chunk_input.csv,92,spamassassin_000501_000600_chunk_input,Unread Mails Pending (jose@monkey.org),1,nazario,143,0,"No, score=3.3 required=5.0 tests=MISSING_DATE,MISSING_MID,	NO_RECEIVED,NO_RELAYS autolearn=disabled version=4.0.2",,3.3,5.0,"MISSING_DATE,MISSING_MID,	NO_RECEIVED,NO_RELAYS",
93,/scratch3/che489/FC-W2-SoK/ssc_LLM_phishing_survey/Detectors/Industry/email_detectors/output/logs/tmp/s2-gd_detector_suite_h8j2sb7t/spamassassin_000501_000600/chunk_input.csv,93,spamassassin_000501_000600_chunk_input,Welcome to the World of Ralph Lauren,1,phishpuzzer,2313,1,"Yes, score=7.4 required=5.0 tests=DOS_BODY_HIGH_NO_MID,	MISSING_DATE,MISSING_MID,NO_RECEIVED,NO_RELAYS autolearn=disabled	version=4.0.2",YES,7.4,5.0,"DOS_BODY_HIGH_NO_MID,	MISSING_DATE,MISSING_MID,NO_RECEIVED,NO_RELAYS",
94,/scratch3/che489/FC-W2-SoK/ssc_LLM_phishing_survey/Detectors/Industry/email_detectors/output/logs/tmp/s2-gd_detector_suite_h8j2sb7t/spamassassin_000501_000600/chunk_input.csv,94,spamassassin_000501_000600_chunk_input,Re: Overdue: Customer 554995923,0,uberjugaad,85,0,"No, score=3.3 required=5.0 tests=MISSING_DATE,MISSING_MID,	NO_RECEIVED,NO_RELAYS autolearn=disabled version=4.0.2",,3.3,5.0,"MISSING_DATE,MISSING_MID,	NO_RECEIVED,NO_RELAYS",
95,/scratch3/che489/FC-W2-SoK/ssc_LLM_phishing_survey/Detectors/Industry/email_detectors/output/logs/tmp/s2-gd_detector_suite_h8j2sb7t/spamassassin_000501_000600/chunk_input.csv,95,spamassassin_000501_000600_chunk_input,Nehmen Sie an unserer Umfrage teil und gewinnen Sie ein Gutschein von Decathlon im Wert von 1.000 Euro.,1,phishing_pot,7996,1,"Yes, score=7.4 required=5.0 tests=DOS_BODY_HIGH_NO_MID,	MISSING_DATE,MISSING_MID,NO_RECEIVED,NO_RELAYS autolearn=disabled	version=4.0.2",YES,7.4,5.0,"DOS_BODY_HIGH_NO_MID,	MISSING_DATE,MISSING_MID,NO_RECEIVED,NO_RELAYS",
96,/scratch3/che489/FC-W2-SoK/ssc_LLM_phishing_survey/Detectors/Industry/email_detectors/output/logs/tmp/s2-gd_detector_suite_h8j2sb7t/spamassassin_000501_000600/chunk_input.csv,96,spamassassin_000501_000600_chunk_input,Urgent Reply,1,phishing_pot,1494,1,"Yes, score=8.0 required=5.0 tests=ADVANCE_FEE_5_NEW_MONEY,	LOTS_OF_MONEY,MISSING_DATE,MISSING_MID,MONEY_FRAUD_8,NO_RECEIVED,	NO_RELAYS,URG_BIZ autolearn=disabled version=4.0.2",YES,8.0,5.0,"ADVANCE_FEE_5_NEW_MONEY,	LOTS_OF_MONEY,MISSING_DATE,MISSING_MID,MONEY_FRAUD_8,NO_RECEIVED,	NO_RELAYS,URG_BIZ",
97,/scratch3/che489/FC-W2-SoK/ssc_LLM_phishing_survey/Detectors/Industry/email_detectors/output/logs/tmp/s2-gd_detector_suite_h8j2sb7t/spamassassin_000501_000600/chunk_input.csv,97,spamassassin_000501_000600_chunk_input,Support Needed for Application Crashes,0,tobiasbuek,115,0,"No, score=3.3 required=5.0 tests=MISSING_DATE,MISSING_MID,	NO_RECEIVED,NO_RELAYS autolearn=disabled version=4.0.2",,3.3,5.0,"MISSING_DATE,MISSING_MID,	NO_RECEIVED,NO_RELAYS",
98,/scratch3/che489/FC-W2-SoK/ssc_LLM_phishing_survey/Detectors/Industry/email_detectors/output/logs/tmp/s2-gd_detector_suite_h8j2sb7t/spamassassin_000501_000600/chunk_input.csv,98,spamassassin_000501_000600_chunk_input,Re: Mercury deployment issue on new cloud instance,0,rtweera,358,0,"No, score=3.3 required=5.0 tests=MISSING_DATE,MISSING_MID,	NO_RECEIVED,NO_RELAYS autolearn=disabled version=4.0.2",,3.3,5.0,"MISSING_DATE,MISSING_MID,	NO_RECEIVED,NO_RELAYS",
99,/scratch3/che489/FC-W2-SoK/ssc_LLM_phishing_survey/Detectors/Industry/email_detectors/output/logs/tmp/s2-gd_detector_suite_h8j2sb7t/spamassassin_000501_000600/chunk_input.csv,99,spamassassin_000501_000600_chunk_input,Let the garbage flow,1,phishpuzzer,464,0,"No, score=3.3 required=5.0 tests=MISSING_DATE,MISSING_MID,	NO_RECEIVED,NO_RELAYS autolearn=disabled version=4.0.2",,3.3,5.0,"MISSING_DATE,MISSING_MID,	NO_RECEIVED,NO_RELAYS",
100,/scratch3/che489/FC-W2-SoK/ssc_LLM_phishing_survey/Detectors/Industry/email_detectors/output/logs/tmp/s2-gd_detector_suite_h8j2sb7t/spamassassin_000501_000600/chunk_input.csv,100,spamassassin_000501_000600_chunk_input,Expanding Reach Through Digital Strategies,0,tobiasbuek,200,0,"No, score=3.3 required=5.0 tests=MISSING_DATE,MISSING_MID,	NO_RECEIVED,NO_RELAYS autolearn=disabled version=4.0.2",,3.3,5.0,"MISSING_DATE,MISSING_MID,	NO_RECEIVED,NO_RELAYS",
