row_number,source_path,source_row_number,dataset_name,subject,label,data_source,prediction,probability,confidence,digit_count,domain_age,domain_length,email_length,has_attachment,html_tags,hyphen_count,link_density,links_count,sender_domain,special_chars,subdomain_count,subject_length,urgent_keywords,http_status,response_error
1,/scratch3/che489/FC-W2-SoK/ssc_LLM_phishing_survey/Detectors/output/logs/tmp/s6-uta-gd_detector_suite_d2ad4qbx/phishing_email_agent_002701_002800/chunk_input.csv,1,phishing_email_agent_002701_002800_chunk_input,Please verify your Exodus Wallet,1,phishing_pot,legitimate,0.3422770534604868,0.6577229465395131,0,0,11,12000,0,11,0,8.332638946754438e-05,1,verify.cexodus.com,515,1,32,0,200,
2,/scratch3/che489/FC-W2-SoK/ssc_LLM_phishing_survey/Detectors/output/logs/tmp/s6-uta-gd_detector_suite_d2ad4qbx/phishing_email_agent_002701_002800/chunk_input.csv,2,phishing_email_agent_002701_002800_chunk_input,How Do I Break Up with My Hairdresser?,1,phishpuzzer,legitimate,0.4998986874298703,0.5001013125701297,0,0,0,765,0,0,0,0.0,0,,16,0,38,1,200,
3,/scratch3/che489/FC-W2-SoK/ssc_LLM_phishing_survey/Detectors/output/logs/tmp/s6-uta-gd_detector_suite_d2ad4qbx/phishing_email_agent_002701_002800/chunk_input.csv,3,phishing_email_agent_002701_002800_chunk_input,"����Nach dem Einspr��hen m��ssen Sie nur noch darauf warten, dass Ihr Glied erigiert!������������",1,phishing_pot,legitimate,0.20523730390626405,0.794762696093736,0,0,20,7736,0,163,0,0.0019387359441644049,15,topmarktingplace.com,1508,1,97,0,200,
4,/scratch3/che489/FC-W2-SoK/ssc_LLM_phishing_survey/Detectors/output/logs/tmp/s6-uta-gd_detector_suite_d2ad4qbx/phishing_email_agent_002701_002800/chunk_input.csv,4,phishing_email_agent_002701_002800_chunk_input,Overdue: Customer 511352822 - 51 days,0,uberjugaad,legitimate,0.4998986874298703,0.5001013125701297,0,0,0,183,0,0,0,0.0,0,,7,0,37,1,200,
5,/scratch3/che489/FC-W2-SoK/ssc_LLM_phishing_survey/Detectors/output/logs/tmp/s6-uta-gd_detector_suite_d2ad4qbx/phishing_email_agent_002701_002800/chunk_input.csv,5,phishing_email_agent_002701_002800_chunk_input,Magnetic Insoles That Revolutionize Foot Comfort! gp-7516,1,phishing_pot,phishing,0.5088756832033525,0.5088756832033525,0,0,14,12000,0,217,0,0.0004999583368052662,6,d15k2d11r6t6rl.cloudfront.net,1992,1,57,0,200,
6,/scratch3/che489/FC-W2-SoK/ssc_LLM_phishing_survey/Detectors/output/logs/tmp/s6-uta-gd_detector_suite_d2ad4qbx/phishing_email_agent_002701_002800/chunk_input.csv,6,phishing_email_agent_002701_002800_chunk_input,Project Management Services,0,tobiasbuek,legitimate,0.36799679633033544,0.6320032036696646,0,0,0,99,0,0,0,0.0,0,,1,0,27,0,200,
7,/scratch3/che489/FC-W2-SoK/ssc_LLM_phishing_survey/Detectors/output/logs/tmp/s6-uta-gd_detector_suite_d2ad4qbx/phishing_email_agent_002701_002800/chunk_input.csv,7,phishing_email_agent_002701_002800_chunk_input,Welcome to ESPN.,1,phishpuzzer,legitimate,0.35324888412177674,0.6467511158782233,0,0,0,944,0,0,0,0.0,0,,23,0,16,0,200,
8,/scratch3/che489/FC-W2-SoK/ssc_LLM_phishing_survey/Detectors/output/logs/tmp/s6-uta-gd_detector_suite_d2ad4qbx/phishing_email_agent_002701_002800/chunk_input.csv,8,phishing_email_agent_002701_002800_chunk_input,Support for Campaign Performance,0,tobiasbuek,legitimate,0.3189542327379619,0.681045767262038,0,0,0,253,0,0,0,0.0,0,,5,0,32,0,200,
9,/scratch3/che489/FC-W2-SoK/ssc_LLM_phishing_survey/Detectors/output/logs/tmp/s6-uta-gd_detector_suite_d2ad4qbx/phishing_email_agent_002701_002800/chunk_input.csv,9,phishing_email_agent_002701_002800_chunk_input,Congrats! You've Been Selected For Netflix Reward,1,nazario,legitimate,0.4150353771538458,0.5849646228461542,0,0,6,1489,0,0,0,0.0013422818791946308,2,savagegrowpro.za.com,179,1,49,0,200,
10,/scratch3/che489/FC-W2-SoK/ssc_LLM_phishing_survey/Detectors/output/logs/tmp/s6-uta-gd_detector_suite_d2ad4qbx/phishing_email_agent_002701_002800/chunk_input.csv,10,phishing_email_agent_002701_002800_chunk_input,Overdue: Customer 566481885 - 19 days,0,uberjugaad,legitimate,0.4998986874298703,0.5001013125701297,0,0,0,184,0,0,0,0.0,0,,7,0,37,1,200,
11,/scratch3/che489/FC-W2-SoK/ssc_LLM_phishing_survey/Detectors/output/logs/tmp/s6-uta-gd_detector_suite_d2ad4qbx/phishing_email_agent_002701_002800/chunk_input.csv,11,phishing_email_agent_002701_002800_chunk_input,Request for Assistance with Investment Forecasting Issues,0,tobiasbuek,legitimate,0.3422770534604868,0.6577229465395131,0,0,0,552,0,0,0,0.0,0,,10,0,57,0,200,
12,/scratch3/che489/FC-W2-SoK/ssc_LLM_phishing_survey/Detectors/output/logs/tmp/s6-uta-gd_detector_suite_d2ad4qbx/phishing_email_agent_002701_002800/chunk_input.csv,12,phishing_email_agent_002701_002800_chunk_input,Limited Account Access Appeal Denied,1,phishyai-phishing,legitimate,0.4757242686363638,0.5242757313636361,0,0,0,1649,0,0,0,0.0,0,,27,0,36,0,200,
13,/scratch3/che489/FC-W2-SoK/ssc_LLM_phishing_survey/Detectors/output/logs/tmp/s6-uta-gd_detector_suite_d2ad4qbx/phishing_email_agent_002701_002800/chunk_input.csv,13,phishing_email_agent_002701_002800_chunk_input,⚠️ Ihr McAfee-Schutz ist ABGELAUFEN – Geräte JETZT ungeschützt!,1,phishing_pot,legitimate,0.4599379220917715,0.5400620779082286,0,0,4,7039,0,127,0,0.0008522727272727272,6,t.co,1082,1,63,0,200,
14,/scratch3/che489/FC-W2-SoK/ssc_LLM_phishing_survey/Detectors/output/logs/tmp/s6-uta-gd_detector_suite_d2ad4qbx/phishing_email_agent_002701_002800/chunk_input.csv,14,phishing_email_agent_002701_002800_chunk_input,Report on Data Security Incident at the Hospital,0,tobiasbuek,legitimate,0.32312704895247785,0.6768729510475222,0,0,0,563,0,0,0,0.0,0,,9,0,48,0,200,
15,/scratch3/che489/FC-W2-SoK/ssc_LLM_phishing_survey/Detectors/output/logs/tmp/s6-uta-gd_detector_suite_d2ad4qbx/phishing_email_agent_002701_002800/chunk_input.csv,15,phishing_email_agent_002701_002800_chunk_input,📦 Aviso Urgente: Documentos Necessários para Liberação - Envio Postal 🚚,1,phishing_pot,legitimate,0.3422770534604868,0.6577229465395131,0,0,0,12000,0,122,0,0.0,0,,1145,0,71,0,200,
16,/scratch3/che489/FC-W2-SoK/ssc_LLM_phishing_survey/Detectors/output/logs/tmp/s6-uta-gd_detector_suite_d2ad4qbx/phishing_email_agent_002701_002800/chunk_input.csv,16,phishing_email_agent_002701_002800_chunk_input,Pipeline Update - February 05,0,uberjugaad,legitimate,0.3422770534604868,0.6577229465395131,0,0,0,195,0,0,0,0.0,0,,10,0,29,0,200,
17,/scratch3/che489/FC-W2-SoK/ssc_LLM_phishing_survey/Detectors/output/logs/tmp/s6-uta-gd_detector_suite_d2ad4qbx/phishing_email_agent_002701_002800/chunk_input.csv,17,phishing_email_agent_002701_002800_chunk_input,Re: Overdue: Customer 582788091,0,uberjugaad,legitimate,0.43550646491803263,0.5644935350819673,0,0,0,57,0,0,0,0.0,0,,2,0,31,0,200,
18,/scratch3/che489/FC-W2-SoK/ssc_LLM_phishing_survey/Detectors/output/logs/tmp/s6-uta-gd_detector_suite_d2ad4qbx/phishing_email_agent_002701_002800/chunk_input.csv,18,phishing_email_agent_002701_002800_chunk_input,Hi,1,phishing_pot,legitimate,0.29254472005204424,0.7074552799479558,0,0,11,687,0,0,0,0.0,0,outlook.com,26,1,2,0,200,
19,/scratch3/che489/FC-W2-SoK/ssc_LLM_phishing_survey/Detectors/output/logs/tmp/s6-uta-gd_detector_suite_d2ad4qbx/phishing_email_agent_002701_002800/chunk_input.csv,19,phishing_email_agent_002701_002800_chunk_input,You have won an Stanley Tumbler,1,phishing_pot,legitimate,0.4599379220917715,0.5400620779082286,0,0,4,8579,0,68,0,0.0006993006993006993,6,t.co,2448,1,31,0,200,
20,/scratch3/che489/FC-W2-SoK/ssc_LLM_phishing_survey/Detectors/output/logs/tmp/s6-uta-gd_detector_suite_d2ad4qbx/phishing_email_agent_002701_002800/chunk_input.csv,20,phishing_email_agent_002701_002800_chunk_input,Protections for Confidential Medical Information,0,tobiasbuek,legitimate,0.4737755467175388,0.5262244532824611,0,0,0,161,0,0,0,0.0,0,,2,0,48,0,200,
21,/scratch3/che489/FC-W2-SoK/ssc_LLM_phishing_survey/Detectors/output/logs/tmp/s6-uta-gd_detector_suite_d2ad4qbx/phishing_email_agent_002701_002800/chunk_input.csv,21,phishing_email_agent_002701_002800_chunk_input,Customer Support Ticket,0,tobiasbuek,legitimate,0.3422770534604868,0.6577229465395131,0,0,0,458,0,0,0,0.0,0,,10,0,23,0,200,
22,/scratch3/che489/FC-W2-SoK/ssc_LLM_phishing_survey/Detectors/output/logs/tmp/s6-uta-gd_detector_suite_d2ad4qbx/phishing_email_agent_002701_002800/chunk_input.csv,22,phishing_email_agent_002701_002800_chunk_input,Add New Device,1,cmu-archived-phish,legitimate,0.38491883362069645,0.6150811663793035,0,0,7,353,0,0,0,0.002824858757062147,1,www.cmu.edu,24,1,14,0,200,
23,/scratch3/che489/FC-W2-SoK/ssc_LLM_phishing_survey/Detectors/output/logs/tmp/s6-uta-gd_detector_suite_d2ad4qbx/phishing_email_agent_002701_002800/chunk_input.csv,23,phishing_email_agent_002701_002800_chunk_input,SAP ERP Central Component 6.0 Integration Inquiry,0,tobiasbuek,legitimate,0.2431029476839755,0.7568970523160246,0,0,0,878,0,0,0,0.0,0,,15,0,49,0,200,
24,/scratch3/che489/FC-W2-SoK/ssc_LLM_phishing_survey/Detectors/output/logs/tmp/s6-uta-gd_detector_suite_d2ad4qbx/phishing_email_agent_002701_002800/chunk_input.csv,24,phishing_email_agent_002701_002800_chunk_input,"The main thing is to have time to withdraw your +14,633$",1,phishing_pot,legitimate,0.3822921807387617,0.6177078192612383,0,0,0,420,0,0,0,0.0,0,,12,0,56,0,200,
25,/scratch3/che489/FC-W2-SoK/ssc_LLM_phishing_survey/Detectors/output/logs/tmp/s6-uta-gd_detector_suite_d2ad4qbx/phishing_email_agent_002701_002800/chunk_input.csv,25,phishing_email_agent_002701_002800_chunk_input,Pipeline Update - January 14,0,uberjugaad,legitimate,0.3422770534604868,0.6577229465395131,0,0,0,198,0,0,0,0.0,0,,10,0,28,0,200,
26,/scratch3/che489/FC-W2-SoK/ssc_LLM_phishing_survey/Detectors/output/logs/tmp/s6-uta-gd_detector_suite_d2ad4qbx/phishing_email_agent_002701_002800/chunk_input.csv,26,phishing_email_agent_002701_002800_chunk_input,Sua Encomenda Foi Taxada: Pague Agora e Regularize a Entrega! 523,1,phishing_pot,legitimate,0.3422770534604868,0.6577229465395131,0,0,16,2454,0,58,0,0.0004073319755600815,1,greenkote.com.br,361,1,65,0,200,
27,/scratch3/che489/FC-W2-SoK/ssc_LLM_phishing_survey/Detectors/output/logs/tmp/s6-uta-gd_detector_suite_d2ad4qbx/phishing_email_agent_002701_002800/chunk_input.csv,27,phishing_email_agent_002701_002800_chunk_input,Pipeline Update - February 19,0,uberjugaad,legitimate,0.3422770534604868,0.6577229465395131,0,0,0,193,0,0,0,0.0,0,,10,0,29,0,200,
28,/scratch3/che489/FC-W2-SoK/ssc_LLM_phishing_survey/Detectors/output/logs/tmp/s6-uta-gd_detector_suite_d2ad4qbx/phishing_email_agent_002701_002800/chunk_input.csv,28,phishing_email_agent_002701_002800_chunk_input,Data Security in Health Care,0,tobiasbuek,legitimate,0.42793978095914864,0.5720602190408514,0,0,0,51,0,0,0,0.0,0,,1,0,28,0,200,
29,/scratch3/che489/FC-W2-SoK/ssc_LLM_phishing_survey/Detectors/output/logs/tmp/s6-uta-gd_detector_suite_d2ad4qbx/phishing_email_agent_002701_002800/chunk_input.csv,29,phishing_email_agent_002701_002800_chunk_input,Update your webmail account.,1,phishpuzzer,phishing,0.5019027126228243,0.5019027126228243,0,0,0,528,0,0,0,0.0,0,,6,0,28,1,200,
30,/scratch3/che489/FC-W2-SoK/ssc_LLM_phishing_survey/Detectors/output/logs/tmp/s6-uta-gd_detector_suite_d2ad4qbx/phishing_email_agent_002701_002800/chunk_input.csv,30,phishing_email_agent_002701_002800_chunk_input,Software Training Registration Open,0,uberjugaad,legitimate,0.27538601220502723,0.7246139877949728,0,0,14,165,0,0,0,0.006024096385542169,1,training.uberjugaad.com,11,1,35,0,200,
31,/scratch3/che489/FC-W2-SoK/ssc_LLM_phishing_survey/Detectors/output/logs/tmp/s6-uta-gd_detector_suite_d2ad4qbx/phishing_email_agent_002701_002800/chunk_input.csv,31,phishing_email_agent_002701_002800_chunk_input,Compromised Medical Data Security in Recent Hospital Systems,0,tobiasbuek,legitimate,0.3989242621596306,0.6010757378403694,0,0,0,568,0,0,0,0.0,0,,9,0,60,0,200,
32,/scratch3/che489/FC-W2-SoK/ssc_LLM_phishing_survey/Detectors/output/logs/tmp/s6-uta-gd_detector_suite_d2ad4qbx/phishing_email_agent_002701_002800/chunk_input.csv,32,phishing_email_agent_002701_002800_chunk_input,"How a federal program could change 500,000 lives",1,phishpuzzer,legitimate,0.4998986874298703,0.5001013125701297,0,0,10,6669,0,0,0,0.0,0,thestar.ca,124,1,48,1,200,
33,/scratch3/che489/FC-W2-SoK/ssc_LLM_phishing_survey/Detectors/output/logs/tmp/s6-uta-gd_detector_suite_d2ad4qbx/phishing_email_agent_002701_002800/chunk_input.csv,33,phishing_email_agent_002701_002800_chunk_input,Utilization of Data Tools in Financial Analysis,0,tobiasbuek,legitimate,0.3422770534604868,0.6577229465395131,0,0,0,196,0,0,0,0.0,0,,4,0,47,0,200,
34,/scratch3/che489/FC-W2-SoK/ssc_LLM_phishing_survey/Detectors/output/logs/tmp/s6-uta-gd_detector_suite_d2ad4qbx/phishing_email_agent_002701_002800/chunk_input.csv,34,phishing_email_agent_002701_002800_chunk_input,Re: Change 32008: Upgrade to CPAN 1.9203,0,phishpuzzer,legitimate,0.3368989319587701,0.6631010680412299,0,0,15,962,0,0,0,0.0,0,fisharerojo.org,196,1,40,0,200,
35,/scratch3/che489/FC-W2-SoK/ssc_LLM_phishing_survey/Detectors/output/logs/tmp/s6-uta-gd_detector_suite_d2ad4qbx/phishing_email_agent_002701_002800/chunk_input.csv,35,phishing_email_agent_002701_002800_chunk_input,"[Spambayes-checkins] spambayes/spambayes XMLRPCPlugin.py, 1.1.2.4, 1.1.2.5",0,phishpuzzer,legitimate,0.34815390910318667,0.6518460908968133,0,0,10,2157,0,0,0,0.0004633920296570899,1,python.org,421,1,74,0,200,
36,/scratch3/che489/FC-W2-SoK/ssc_LLM_phishing_survey/Detectors/output/logs/tmp/s6-uta-gd_detector_suite_d2ad4qbx/phishing_email_agent_002701_002800/chunk_input.csv,36,phishing_email_agent_002701_002800_chunk_input,Detectamos um novo acesso a sua conta. ! MSG: 5455538280,1,phishing_pot,legitimate,0.27498984345874855,0.7250101565412514,0,0,11,2316,0,51,0,0.0017263703064307294,4,hotmail.com,373,1,56,0,200,
37,/scratch3/che489/FC-W2-SoK/ssc_LLM_phishing_survey/Detectors/output/logs/tmp/s6-uta-gd_detector_suite_d2ad4qbx/phishing_email_agent_002701_002800/chunk_input.csv,37,phishing_email_agent_002701_002800_chunk_input,Pipeline Update - February 12,0,uberjugaad,legitimate,0.3422770534604868,0.6577229465395131,0,0,0,195,0,0,0,0.0,0,,10,0,29,0,200,
38,/scratch3/che489/FC-W2-SoK/ssc_LLM_phishing_survey/Detectors/output/logs/tmp/s6-uta-gd_detector_suite_d2ad4qbx/phishing_email_agent_002701_002800/chunk_input.csv,38,phishing_email_agent_002701_002800_chunk_input,We've seen your loyalty and now it's time for us to give thanks,1,phishing_pot,legitimate,0.37614648527689976,0.6238535147231002,0,0,15,1598,0,39,0,0.00375234521575985,6,daycassino.shop,303,1,63,0,200,
39,/scratch3/che489/FC-W2-SoK/ssc_LLM_phishing_survey/Detectors/output/logs/tmp/s6-uta-gd_detector_suite_d2ad4qbx/phishing_email_agent_002701_002800/chunk_input.csv,39,phishing_email_agent_002701_002800_chunk_input,Pipeline Update - February 12,0,uberjugaad,legitimate,0.3422770534604868,0.6577229465395131,0,0,0,192,0,0,0,0.0,0,,9,0,29,0,200,
40,/scratch3/che489/FC-W2-SoK/ssc_LLM_phishing_survey/Detectors/output/logs/tmp/s6-uta-gd_detector_suite_d2ad4qbx/phishing_email_agent_002701_002800/chunk_input.csv,40,phishing_email_agent_002701_002800_chunk_input,Sudden Decline in Digital Campaign Engagement,0,tobiasbuek,legitimate,0.3422770534604868,0.6577229465395131,0,0,0,375,0,0,0,0.0,0,,6,0,45,0,200,
41,/scratch3/che489/FC-W2-SoK/ssc_LLM_phishing_survey/Detectors/output/logs/tmp/s6-uta-gd_detector_suite_d2ad4qbx/phishing_email_agent_002701_002800/chunk_input.csv,41,phishing_email_agent_002701_002800_chunk_input,"PO Approval Required: €45,696",0,uberjugaad,legitimate,0.37800733408032455,0.6219926659196755,0,0,0,165,0,0,0,0.0,0,,7,0,29,0,200,
42,/scratch3/che489/FC-W2-SoK/ssc_LLM_phishing_survey/Detectors/output/logs/tmp/s6-uta-gd_detector_suite_d2ad4qbx/phishing_email_agent_002701_002800/chunk_input.csv,42,phishing_email_agent_002701_002800_chunk_input,Aktualisierung der Paketzustellung: BITTE best��tigen Sie die Zustellung des Pakets,1,phishing_pot,legitimate,0.4510232779242294,0.5489767220757706,1,0,6,12000,0,237,0,0.0008332638946754438,10,www.w3.org,2245,1,83,0,200,
43,/scratch3/che489/FC-W2-SoK/ssc_LLM_phishing_survey/Detectors/output/logs/tmp/s6-uta-gd_detector_suite_d2ad4qbx/phishing_email_agent_002701_002800/chunk_input.csv,43,phishing_email_agent_002701_002800_chunk_input,Report on Website Problem,0,tobiasbuek,legitimate,0.23000666728829144,0.7699933327117086,0,0,0,197,0,0,0,0.0,0,,4,0,25,0,200,
44,/scratch3/che489/FC-W2-SoK/ssc_LLM_phishing_survey/Detectors/output/logs/tmp/s6-uta-gd_detector_suite_d2ad4qbx/phishing_email_agent_002701_002800/chunk_input.csv,44,phishing_email_agent_002701_002800_chunk_input,Re: Urgent Issue with IAM Role Permissions,0,rtweera,legitimate,0.36650748697376334,0.6334925130262367,0,0,0,406,0,0,0,0.0,0,,35,0,42,0,200,
45,/scratch3/che489/FC-W2-SoK/ssc_LLM_phishing_survey/Detectors/output/logs/tmp/s6-uta-gd_detector_suite_d2ad4qbx/phishing_email_agent_002701_002800/chunk_input.csv,45,phishing_email_agent_002701_002800_chunk_input,Your USAA Checking/Savings Account Urgent Profile Update,1,phishpuzzer,legitimate,0.370165166943605,0.629834833056395,0,0,0,606,0,0,0,0.0,0,,12,0,56,0,200,
46,/scratch3/che489/FC-W2-SoK/ssc_LLM_phishing_survey/Detectors/output/logs/tmp/s6-uta-gd_detector_suite_d2ad4qbx/phishing_email_agent_002701_002800/chunk_input.csv,46,phishing_email_agent_002701_002800_chunk_input,National City reminder: online form!,1,phishyai-phishing,legitimate,0.3255122498685501,0.6744877501314499,0,0,0,2,0,0,0,0.0,0,,2,0,36,0,200,
47,/scratch3/che489/FC-W2-SoK/ssc_LLM_phishing_survey/Detectors/output/logs/tmp/s6-uta-gd_detector_suite_d2ad4qbx/phishing_email_agent_002701_002800/chunk_input.csv,47,phishing_email_agent_002701_002800_chunk_input,Creative Inspiration Ahead 💥,1,phishpuzzer,legitimate,0.4971946610685131,0.5028053389314868,0,0,9,1683,0,0,0,0.0,0,gmail.com,47,1,28,1,200,
48,/scratch3/che489/FC-W2-SoK/ssc_LLM_phishing_survey/Detectors/output/logs/tmp/s6-uta-gd_detector_suite_d2ad4qbx/phishing_email_agent_002701_002800/chunk_input.csv,48,phishing_email_agent_002701_002800_chunk_input,URGENT: Users randomly losing roles in IAM,0,rtweera,legitimate,0.4998986874298703,0.5001013125701297,0,0,0,332,0,0,0,0.0,0,,6,0,42,1,200,
49,/scratch3/che489/FC-W2-SoK/ssc_LLM_phishing_survey/Detectors/output/logs/tmp/s6-uta-gd_detector_suite_d2ad4qbx/phishing_email_agent_002701_002800/chunk_input.csv,49,phishing_email_agent_002701_002800_chunk_input,ENC: HARVARD MEDICAL: “Weight-Loss Doubling” Trick for Women,1,phishing_pot,legitimate,0.3860563472054568,0.6139436527945432,0,0,13,1250,0,4,0,0.0015987210231814548,2,gghthnebq.com,96,1,60,1,200,
50,/scratch3/che489/FC-W2-SoK/ssc_LLM_phishing_survey/Detectors/output/logs/tmp/s6-uta-gd_detector_suite_d2ad4qbx/phishing_email_agent_002701_002800/chunk_input.csv,50,phishing_email_agent_002701_002800_chunk_input,Concerns About Data Inconsistencies,0,tobiasbuek,legitimate,0.3422770534604868,0.6577229465395131,0,0,0,564,0,0,0,0.0,0,,10,0,35,0,200,
51,/scratch3/che489/FC-W2-SoK/ssc_LLM_phishing_survey/Detectors/output/logs/tmp/s6-uta-gd_detector_suite_d2ad4qbx/phishing_email_agent_002701_002800/chunk_input.csv,51,phishing_email_agent_002701_002800_chunk_input,Issues with Investment Analytics Reports,0,tobiasbuek,legitimate,0.3422770534604868,0.6577229465395131,0,0,0,398,0,0,0,0.0,0,,6,0,40,0,200,
52,/scratch3/che489/FC-W2-SoK/ssc_LLM_phishing_survey/Detectors/output/logs/tmp/s6-uta-gd_detector_suite_d2ad4qbx/phishing_email_agent_002701_002800/chunk_input.csv,52,phishing_email_agent_002701_002800_chunk_input,Question for item #250026510836 - Respond Now,1,phishyai-phishing,legitimate,0.45005092547614967,0.5499490745238503,0,0,0,2281,0,0,0,0.00043821209465381246,1,,68,0,45,0,200,
53,/scratch3/che489/FC-W2-SoK/ssc_LLM_phishing_survey/Detectors/output/logs/tmp/s6-uta-gd_detector_suite_d2ad4qbx/phishing_email_agent_002701_002800/chunk_input.csv,53,phishing_email_agent_002701_002800_chunk_input,Shein Rewards - Participation Required,1,phishing_pot,phishing,0.7917917656501222,0.7917917656501222,0,0,22,7326,0,136,0,0.0009553705472908421,7,epsofapeqy0w3zxtb5iwepsof.smartfinancepath.click,1142,1,38,1,200,
54,/scratch3/che489/FC-W2-SoK/ssc_LLM_phishing_survey/Detectors/output/logs/tmp/s6-uta-gd_detector_suite_d2ad4qbx/phishing_email_agent_002701_002800/chunk_input.csv,54,phishing_email_agent_002701_002800_chunk_input,Services for Data Analytics,0,tobiasbuek,legitimate,0.3422770534604868,0.6577229465395131,0,0,0,97,0,0,0,0.0,0,,2,0,27,0,200,
55,/scratch3/che489/FC-W2-SoK/ssc_LLM_phishing_survey/Detectors/output/logs/tmp/s6-uta-gd_detector_suite_d2ad4qbx/phishing_email_agent_002701_002800/chunk_input.csv,55,phishing_email_agent_002701_002800_chunk_input,Notification of Security Breach to Support Team,0,tobiasbuek,phishing,0.6455946388354808,0.6455946388354808,0,0,0,171,0,0,0,0.0,0,,4,0,47,0,200,
56,/scratch3/che489/FC-W2-SoK/ssc_LLM_phishing_survey/Detectors/output/logs/tmp/s6-uta-gd_detector_suite_d2ad4qbx/phishing_email_agent_002701_002800/chunk_input.csv,56,phishing_email_agent_002701_002800_chunk_input,Enhance Digital Marketing Strategies Efficiently,0,tobiasbuek,legitimate,0.3422770534604868,0.6577229465395131,0,0,0,414,0,0,0,0.0,0,,7,0,48,0,200,
57,/scratch3/che489/FC-W2-SoK/ssc_LLM_phishing_survey/Detectors/output/logs/tmp/s6-uta-gd_detector_suite_d2ad4qbx/phishing_email_agent_002701_002800/chunk_input.csv,57,phishing_email_agent_002701_002800_chunk_input,Sorry we missed you! Schedule your next delivery date.,1,nazario,legitimate,0.3422770534604868,0.6577229465395131,0,0,26,2247,0,0,0,0.0008896797153024911,2,selfsufficintbackyard.shop,68,1,54,0,200,
58,/scratch3/che489/FC-W2-SoK/ssc_LLM_phishing_survey/Detectors/output/logs/tmp/s6-uta-gd_detector_suite_d2ad4qbx/phishing_email_agent_002701_002800/chunk_input.csv,58,phishing_email_agent_002701_002800_chunk_input,Technical Challenges Affecting Digital Strategies and Brand Expansion,0,tobiasbuek,legitimate,0.3422770534604868,0.6577229465395131,0,0,0,304,0,0,0,0.0,0,,9,0,69,0,200,
59,/scratch3/che489/FC-W2-SoK/ssc_LLM_phishing_survey/Detectors/output/logs/tmp/s6-uta-gd_detector_suite_d2ad4qbx/phishing_email_agent_002701_002800/chunk_input.csv,59,phishing_email_agent_002701_002800_chunk_input,API Monitoring Dashboard - Widget Question,0,rtweera,legitimate,0.3422770534604868,0.6577229465395131,0,0,0,180,0,0,0,0.0,0,,6,0,42,0,200,
60,/scratch3/che489/FC-W2-SoK/ssc_LLM_phishing_survey/Detectors/output/logs/tmp/s6-uta-gd_detector_suite_d2ad4qbx/phishing_email_agent_002701_002800/chunk_input.csv,60,phishing_email_agent_002701_002800_chunk_input,Problems Encountered Due to Frequent Login Timeouts,0,tobiasbuek,phishing,0.5186964339168214,0.5186964339168214,0,0,0,216,0,0,0,0.0,0,,7,0,51,0,200,
61,/scratch3/che489/FC-W2-SoK/ssc_LLM_phishing_survey/Detectors/output/logs/tmp/s6-uta-gd_detector_suite_d2ad4qbx/phishing_email_agent_002701_002800/chunk_input.csv,61,phishing_email_agent_002701_002800_chunk_input,Problem with Subscription Fees,0,tobiasbuek,legitimate,0.37229997718686986,0.6277000228131302,0,0,0,275,0,0,0,0.0,0,,5,0,30,0,200,
62,/scratch3/che489/FC-W2-SoK/ssc_LLM_phishing_survey/Detectors/output/logs/tmp/s6-uta-gd_detector_suite_d2ad4qbx/phishing_email_agent_002701_002800/chunk_input.csv,62,phishing_email_agent_002701_002800_chunk_input,Overdue: Customer 594959366 - 46 days,0,uberjugaad,legitimate,0.4998986874298703,0.5001013125701297,0,0,0,184,0,0,0,0.0,0,,7,0,37,1,200,
63,/scratch3/che489/FC-W2-SoK/ssc_LLM_phishing_survey/Detectors/output/logs/tmp/s6-uta-gd_detector_suite_d2ad4qbx/phishing_email_agent_002701_002800/chunk_input.csv,63,phishing_email_agent_002701_002800_chunk_input,"PO Approval Required: €17,670",0,uberjugaad,phishing,0.5386088203822,0.5386088203822,0,0,0,160,0,0,0,0.0,0,,7,0,29,1,200,
64,/scratch3/che489/FC-W2-SoK/ssc_LLM_phishing_survey/Detectors/output/logs/tmp/s6-uta-gd_detector_suite_d2ad4qbx/phishing_email_agent_002701_002800/chunk_input.csv,64,phishing_email_agent_002701_002800_chunk_input,"[Upcoming Webinars] Expanding Attack Surfaces: SaaS, APIs, Payments",1,phishpuzzer,legitimate,0.3422770534604868,0.6577229465395131,0,0,0,2026,0,0,0,0.0,0,,58,0,67,0,200,
65,/scratch3/che489/FC-W2-SoK/ssc_LLM_phishing_survey/Detectors/output/logs/tmp/s6-uta-gd_detector_suite_d2ad4qbx/phishing_email_agent_002701_002800/chunk_input.csv,65,phishing_email_agent_002701_002800_chunk_input,"BB&T - please confirm your information -Fri, 02 Mar 2007 21:54:38 -0500",1,phishyai-phishing,legitimate,0.3255122498685501,0.6744877501314499,0,0,0,4,0,0,0,0.0,0,,3,0,71,0,200,
66,/scratch3/che489/FC-W2-SoK/ssc_LLM_phishing_survey/Detectors/output/logs/tmp/s6-uta-gd_detector_suite_d2ad4qbx/phishing_email_agent_002701_002800/chunk_input.csv,66,phishing_email_agent_002701_002800_chunk_input,Customer Support Ticket,0,tobiasbuek,legitimate,0.3989242621596306,0.6010757378403694,0,0,0,320,0,0,0,0.0,0,,7,0,23,0,200,
67,/scratch3/che489/FC-W2-SoK/ssc_LLM_phishing_survey/Detectors/output/logs/tmp/s6-uta-gd_detector_suite_d2ad4qbx/phishing_email_agent_002701_002800/chunk_input.csv,67,phishing_email_agent_002701_002800_chunk_input,Quote Request - Mol Group,1,phishpuzzer,legitimate,0.4998986874298703,0.5001013125701297,0,0,24,396,0,0,1,0.0,0,molgroup-supplychain.com,14,1,25,1,200,
68,/scratch3/che489/FC-W2-SoK/ssc_LLM_phishing_survey/Detectors/output/logs/tmp/s6-uta-gd_detector_suite_d2ad4qbx/phishing_email_agent_002701_002800/chunk_input.csv,68,phishing_email_agent_002701_002800_chunk_input,Service alert: spamassassin.zones.apache.org/BBMASS is CRITICAL,0,phishpuzzer,legitimate,0.49750050982426175,0.5024994901757383,0,0,0,184,0,0,0,0.0,0,,23,0,63,0,200,
69,/scratch3/che489/FC-W2-SoK/ssc_LLM_phishing_survey/Detectors/output/logs/tmp/s6-uta-gd_detector_suite_d2ad4qbx/phishing_email_agent_002701_002800/chunk_input.csv,69,phishing_email_agent_002701_002800_chunk_input,Pipeline Update - January 28,0,uberjugaad,legitimate,0.3422770534604868,0.6577229465395131,0,0,0,201,0,0,0,0.0,0,,10,0,28,0,200,
70,/scratch3/che489/FC-W2-SoK/ssc_LLM_phishing_survey/Detectors/output/logs/tmp/s6-uta-gd_detector_suite_d2ad4qbx/phishing_email_agent_002701_002800/chunk_input.csv,70,phishing_email_agent_002701_002800_chunk_input,phishing@pot !  nous avons besoin de votre confirmation le plus t��t possible,1,phishing_pot,phishing,0.5660615343696224,0.5660615343696224,0,0,19,9456,0,189,1,0.000634450671460294,6,fedex.content-speicher.de,1369,1,77,0,200,
71,/scratch3/che489/FC-W2-SoK/ssc_LLM_phishing_survey/Detectors/output/logs/tmp/s6-uta-gd_detector_suite_d2ad4qbx/phishing_email_agent_002701_002800/chunk_input.csv,71,phishing_email_agent_002701_002800_chunk_input,Crash Incident,0,tobiasbuek,legitimate,0.31472486721684273,0.6852751327831572,0,0,0,275,0,0,0,0.0,0,,7,0,14,0,200,
72,/scratch3/che489/FC-W2-SoK/ssc_LLM_phishing_survey/Detectors/output/logs/tmp/s6-uta-gd_detector_suite_d2ad4qbx/phishing_email_agent_002701_002800/chunk_input.csv,72,phishing_email_agent_002701_002800_chunk_input,Re: Problem with Mercury Language Compiler,0,rtweera,legitimate,0.2898617237609357,0.7101382762390642,0,0,0,107,0,0,0,0.0,0,,6,0,42,0,200,
73,/scratch3/che489/FC-W2-SoK/ssc_LLM_phishing_survey/Detectors/output/logs/tmp/s6-uta-gd_detector_suite_d2ad4qbx/phishing_email_agent_002701_002800/chunk_input.csv,73,phishing_email_agent_002701_002800_chunk_input,[IMPORTANT] Your wallet has been Blocked,1,phishing_pot,legitimate,0.37435974272631084,0.6256402572736892,0,0,9,302,0,0,0,0.006600660066006601,2,www.anpdm.com,19,1,40,0,200,
74,/scratch3/che489/FC-W2-SoK/ssc_LLM_phishing_survey/Detectors/output/logs/tmp/s6-uta-gd_detector_suite_d2ad4qbx/phishing_email_agent_002701_002800/chunk_input.csv,74,phishing_email_agent_002701_002800_chunk_input,"RealGM Heads Up: May. 30, 2023",1,phishpuzzer,legitimate,0.3422770534604868,0.6577229465395131,0,0,0,1076,0,0,0,0.0,0,,43,0,30,0,200,
75,/scratch3/che489/FC-W2-SoK/ssc_LLM_phishing_survey/Detectors/output/logs/tmp/s6-uta-gd_detector_suite_d2ad4qbx/phishing_email_agent_002701_002800/chunk_input.csv,75,phishing_email_agent_002701_002800_chunk_input,Discovery and Adventure Are Around the Corner…,1,phishpuzzer,legitimate,0.4998986874298703,0.5001013125701297,0,0,0,1120,0,0,0,0.0,0,,35,0,46,1,200,
76,/scratch3/che489/FC-W2-SoK/ssc_LLM_phishing_survey/Detectors/output/logs/tmp/s6-uta-gd_detector_suite_d2ad4qbx/phishing_email_agent_002701_002800/chunk_input.csv,76,phishing_email_agent_002701_002800_chunk_input,Support for Docker,0,tobiasbuek,legitimate,0.31472486721684273,0.6852751327831572,0,0,0,265,0,0,0,0.0,0,,6,0,18,0,200,
77,/scratch3/che489/FC-W2-SoK/ssc_LLM_phishing_survey/Detectors/output/logs/tmp/s6-uta-gd_detector_suite_d2ad4qbx/phishing_email_agent_002701_002800/chunk_input.csv,77,phishing_email_agent_002701_002800_chunk_input,Trouble with Analytics Platform,0,tobiasbuek,legitimate,0.3422770534604868,0.6577229465395131,0,0,0,467,0,0,0,0.0,0,,9,0,31,0,200,
78,/scratch3/che489/FC-W2-SoK/ssc_LLM_phishing_survey/Detectors/output/logs/tmp/s6-uta-gd_detector_suite_d2ad4qbx/phishing_email_agent_002701_002800/chunk_input.csv,78,phishing_email_agent_002701_002800_chunk_input,Data Import Completely Failed Today,0,tobiasbuek,legitimate,0.3422770534604868,0.6577229465395131,0,0,0,207,0,0,0,0.0,0,,10,0,35,0,200,
79,/scratch3/che489/FC-W2-SoK/ssc_LLM_phishing_survey/Detectors/output/logs/tmp/s6-uta-gd_detector_suite_d2ad4qbx/phishing_email_agent_002701_002800/chunk_input.csv,79,phishing_email_agent_002701_002800_chunk_input,Customer Support Ticket,0,tobiasbuek,legitimate,0.3422770534604868,0.6577229465395131,0,0,0,645,0,0,0,0.0,0,,13,0,23,0,200,
80,/scratch3/che489/FC-W2-SoK/ssc_LLM_phishing_survey/Detectors/output/logs/tmp/s6-uta-gd_detector_suite_d2ad4qbx/phishing_email_agent_002701_002800/chunk_input.csv,80,phishing_email_agent_002701_002800_chunk_input,Security Protocols for Medical Data,0,tobiasbuek,legitimate,0.42793978095914864,0.5720602190408514,0,0,0,639,0,0,0,0.0,0,,11,0,35,0,200,
81,/scratch3/che489/FC-W2-SoK/ssc_LLM_phishing_survey/Detectors/output/logs/tmp/s6-uta-gd_detector_suite_d2ad4qbx/phishing_email_agent_002701_002800/chunk_input.csv,81,phishing_email_agent_002701_002800_chunk_input,these tops are ready for anything,1,phishpuzzer,legitimate,0.3860563472054568,0.6139436527945432,0,0,9,1657,0,0,0,0.0,0,gmail.com,24,1,33,1,200,
82,/scratch3/che489/FC-W2-SoK/ssc_LLM_phishing_survey/Detectors/output/logs/tmp/s6-uta-gd_detector_suite_d2ad4qbx/phishing_email_agent_002701_002800/chunk_input.csv,82,phishing_email_agent_002701_002800_chunk_input,Re: Mercury Language - Feature Request: Async/Await,0,rtweera,legitimate,0.29276207265344023,0.7072379273465598,0,0,0,506,0,0,0,0.0,0,,12,0,51,0,200,
83,/scratch3/che489/FC-W2-SoK/ssc_LLM_phishing_survey/Detectors/output/logs/tmp/s6-uta-gd_detector_suite_d2ad4qbx/phishing_email_agent_002701_002800/chunk_input.csv,83,phishing_email_agent_002701_002800_chunk_input,Encryption Methods in MATLAB,0,tobiasbuek,legitimate,0.3422770534604868,0.6577229465395131,0,0,0,317,0,0,0,0.0,0,,4,0,28,0,200,
84,/scratch3/che489/FC-W2-SoK/ssc_LLM_phishing_survey/Detectors/output/logs/tmp/s6-uta-gd_detector_suite_d2ad4qbx/phishing_email_agent_002701_002800/chunk_input.csv,84,phishing_email_agent_002701_002800_chunk_input,Assistance with API Documentation,0,tobiasbuek,legitimate,0.3422770534604868,0.6577229465395131,0,0,0,266,0,0,0,0.0,0,,3,0,33,0,200,
85,/scratch3/che489/FC-W2-SoK/ssc_LLM_phishing_survey/Detectors/output/logs/tmp/s6-uta-gd_detector_suite_d2ad4qbx/phishing_email_agent_002701_002800/chunk_input.csv,85,phishing_email_agent_002701_002800_chunk_input,WARNING: UPDATE YOUR jose@monkey.org ACCOUNT,1,phishpuzzer,phishing,0.5093329462531049,0.5093329462531049,0,0,10,643,0,0,0,0.0,0,monkey.org,20,1,44,1,200,
86,/scratch3/che489/FC-W2-SoK/ssc_LLM_phishing_survey/Detectors/output/logs/tmp/s6-uta-gd_detector_suite_d2ad4qbx/phishing_email_agent_002701_002800/chunk_input.csv,86,phishing_email_agent_002701_002800_chunk_input,Inquiry About Data Analytics Services Details,0,tobiasbuek,legitimate,0.41381702561084355,0.5861829743891565,0,0,0,196,0,0,0,0.0,0,,3,0,45,0,200,
87,/scratch3/che489/FC-W2-SoK/ssc_LLM_phishing_survey/Detectors/output/logs/tmp/s6-uta-gd_detector_suite_d2ad4qbx/phishing_email_agent_002701_002800/chunk_input.csv,87,phishing_email_agent_002701_002800_chunk_input,Sign-In Protection Alert,1,phishpuzzer,phishing,0.6364295494668026,0.6364295494668026,0,0,0,129,0,0,0,0.0,0,,4,0,24,0,200,
88,/scratch3/che489/FC-W2-SoK/ssc_LLM_phishing_survey/Detectors/output/logs/tmp/s6-uta-gd_detector_suite_d2ad4qbx/phishing_email_agent_002701_002800/chunk_input.csv,88,phishing_email_agent_002701_002800_chunk_input,jose@monkey.org Account Update Verification 21 Mar 2024,1,nazario,legitimate,0.35365864010784,0.64634135989216,0,0,10,278,0,0,0,0.0,0,monkey.org,10,1,55,0,200,
89,/scratch3/che489/FC-W2-SoK/ssc_LLM_phishing_survey/Detectors/output/logs/tmp/s6-uta-gd_detector_suite_d2ad4qbx/phishing_email_agent_002701_002800/chunk_input.csv,89,phishing_email_agent_002701_002800_chunk_input,Inquiry Regarding Necessary System Specifications for Peak Device Functionality,0,tobiasbuek,legitimate,0.3422770534604868,0.6577229465395131,0,0,0,99,0,0,0,0.0,0,,1,0,79,0,200,
90,/scratch3/che489/FC-W2-SoK/ssc_LLM_phishing_survey/Detectors/output/logs/tmp/s6-uta-gd_detector_suite_d2ad4qbx/phishing_email_agent_002701_002800/chunk_input.csv,90,phishing_email_agent_002701_002800_chunk_input,Overdue: Customer 533482865 - 50 days,0,uberjugaad,legitimate,0.4998986874298703,0.5001013125701297,0,0,0,187,0,0,0,0.0,0,,7,0,37,1,200,
91,/scratch3/che489/FC-W2-SoK/ssc_LLM_phishing_survey/Detectors/output/logs/tmp/s6-uta-gd_detector_suite_d2ad4qbx/phishing_email_agent_002701_002800/chunk_input.csv,91,phishing_email_agent_002701_002800_chunk_input,Importance of Security Protocols in Medical Data Storage and Transmission,0,tobiasbuek,legitimate,0.38099207434866267,0.6190079256513373,0,0,0,37,0,0,0,0.0,0,,1,0,73,0,200,
92,/scratch3/che489/FC-W2-SoK/ssc_LLM_phishing_survey/Detectors/output/logs/tmp/s6-uta-gd_detector_suite_d2ad4qbx/phishing_email_agent_002701_002800/chunk_input.csv,92,phishing_email_agent_002701_002800_chunk_input,Pipeline Update - February 14,0,uberjugaad,legitimate,0.3422770534604868,0.6577229465395131,0,0,0,199,0,0,0,0.0,0,,9,0,29,0,200,
93,/scratch3/che489/FC-W2-SoK/ssc_LLM_phishing_survey/Detectors/output/logs/tmp/s6-uta-gd_detector_suite_d2ad4qbx/phishing_email_agent_002701_002800/chunk_input.csv,93,phishing_email_agent_002701_002800_chunk_input,Strategies for Expanding Digital Brand Influence and Innovating Products,0,tobiasbuek,legitimate,0.2763301942922517,0.7236698057077483,0,0,0,170,0,0,0,0.0,0,,2,0,72,0,200,
94,/scratch3/che489/FC-W2-SoK/ssc_LLM_phishing_survey/Detectors/output/logs/tmp/s6-uta-gd_detector_suite_d2ad4qbx/phishing_email_agent_002701_002800/chunk_input.csv,94,phishing_email_agent_002701_002800_chunk_input,Bank of America: Please Submit Your Data Id: 5984,1,phishyai-phishing,legitimate,0.3255122498685501,0.6744877501314499,0,0,0,4,0,0,0,0.0,0,,3,0,49,0,200,
95,/scratch3/che489/FC-W2-SoK/ssc_LLM_phishing_survey/Detectors/output/logs/tmp/s6-uta-gd_detector_suite_d2ad4qbx/phishing_email_agent_002701_002800/chunk_input.csv,95,phishing_email_agent_002701_002800_chunk_input,FPA NOTICE FP001: eBay Registration Suspension - User Agreement - Abusing eBay,1,phishyai-phishing,legitimate,0.3255122498685501,0.6744877501314499,0,0,0,2,0,0,0,0.0,0,,2,0,78,0,200,
96,/scratch3/che489/FC-W2-SoK/ssc_LLM_phishing_survey/Detectors/output/logs/tmp/s6-uta-gd_detector_suite_d2ad4qbx/phishing_email_agent_002701_002800/chunk_input.csv,96,phishing_email_agent_002701_002800_chunk_input,Your Parcel Has Arrived,1,phishpuzzer,legitimate,0.3422770534604868,0.6577229465395131,0,0,0,507,0,0,0,0.0,0,,10,0,23,0,200,
97,/scratch3/che489/FC-W2-SoK/ssc_LLM_phishing_survey/Detectors/output/logs/tmp/s6-uta-gd_detector_suite_d2ad4qbx/phishing_email_agent_002701_002800/chunk_input.csv,97,phishing_email_agent_002701_002800_chunk_input,"PO Approval Required: €47,492",0,uberjugaad,legitimate,0.37800733408032455,0.6219926659196755,0,0,0,149,0,0,0,0.0,0,,7,0,29,0,200,
98,/scratch3/che489/FC-W2-SoK/ssc_LLM_phishing_survey/Detectors/output/logs/tmp/s6-uta-gd_detector_suite_d2ad4qbx/phishing_email_agent_002701_002800/chunk_input.csv,98,phishing_email_agent_002701_002800_chunk_input,"��������, ������� ������������ ���������������� ���������������������������� ���������������������������� ���������������� ������������������������ �������� ������������������������ �������������������� ����������������������",1,phishing_pot,legitimate,0.32649919955827567,0.6735008004417243,12,0,16,634,0,19,0,0.006299212598425197,4,104.219.248.205,117,1,225,0,200,
99,/scratch3/che489/FC-W2-SoK/ssc_LLM_phishing_survey/Detectors/output/logs/tmp/s6-uta-gd_detector_suite_d2ad4qbx/phishing_email_agent_002701_002800/chunk_input.csv,99,phishing_email_agent_002701_002800_chunk_input,jose Retrieve Pending Messages,1,nazario,legitimate,0.28946506326129645,0.7105349367387035,0,0,10,440,0,0,0,0.0,0,monkey.org,30,1,30,0,200,
100,/scratch3/che489/FC-W2-SoK/ssc_LLM_phishing_survey/Detectors/output/logs/tmp/s6-uta-gd_detector_suite_d2ad4qbx/phishing_email_agent_002701_002800/chunk_input.csv,100,phishing_email_agent_002701_002800_chunk_input,Overdue: Customer 557459379 - 27 days,0,uberjugaad,legitimate,0.4998986874298703,0.5001013125701297,0,0,0,182,0,0,0,0.0,0,,7,0,37,1,200,
